id,lat,lon
1001,32.500389,-86.494165
1003,30.548923,-87.762381
1005,31.844036,-85.310038
1007,33.030921,-87.127659
1009,33.955242999999996,-86.591491
1011,32.116327000000005,-85.701192
1013,31.773539000000003,-86.65355
1015,33.72546,-85.81944200000001
1017,32.860439,-85.266474
1019,34.179333,-85.629194
1021,32.877547,-86.68740600000001
1023,32.016562,-88.26416400000001
1025,31.685685,-87.815673
1027,33.272412,-85.820227
1029,33.62977,-85.494315
1031,31.354433,-85.904715
1033,34.723385,-87.685151
1035,31.418674,-86.996483
1037,32.975932,-86.155035
1039,31.282449,-86.410955
1041,31.743487,-86.29708000000001
1043,34.162362,-86.831859
1045,31.383346000000003,-85.641269
1047,32.408815000000004,-87.03495500000001
1049,34.45511,-85.817208
1051,32.559652,-86.225647
1053,31.088737,-87.282053
1055,34.013692999999996,-86.02539300000001
1057,33.726422,-87.77035500000001
1059,34.460481,-87.793594
1061,31.09426,-85.788849
1063,32.830505,-87.92399999999999
1065,32.775804,-87.62608399999999
1067,31.478593,-85.268828
1069,31.20455,-85.391221
1071,34.731984000000004,-85.938698
1073,33.518601000000004,-86.814688
1075,33.762769,-88.109649
1077,34.866178999999995,-87.60875899999999
1079,34.543683,-87.272414
1081,32.588091999999996,-85.345833
1083,34.815612,-86.93897199999999
1085,32.162415,-86.618688
1087,32.425739,-85.715007
1089,34.746392,-86.613232
1091,32.340478999999995,-87.800648
1093,34.111796999999996,-87.8743
1095,34.311974,-86.293279
1097,30.683993,-88.170637
1099,31.505611,-87.36089399999999
1101,32.346175,-86.243797
1103,34.514252,-86.93078100000001
1105,32.581066,-87.369219
1107,33.292972999999996,-88.06647199999999
1109,31.787277000000003,-85.948647
1111,33.257607,-85.427266
1113,32.421972,-85.062843
1115,33.660628,-86.369107
1117,33.290719,-86.737978
1119,32.57442,-88.232646
1121,33.372083,-86.169238
1123,32.85306,-85.864503
1125,33.214154,-87.520229
1127,33.834858000000004,-87.253922
1129,31.410368,-88.18611999999999
1131,31.999753000000002,-87.38040699999999
1133,34.163824,-87.415693
2013,54.860151,-162.90153600000002
2016,54.023571,-168.292885
2020,61.192232,-149.793182
2050,60.679945999999994,-162.151263
2060,58.735464,-156.834047
2068,63.882844999999996,-149.032949
2070,59.136256,-158.718472
2090,64.831552,-147.624018
2100,59.264125,-135.559897
2105,58.078281999999994,-135.384163
2110,58.358516,-134.530605
2122,60.292592000000006,-151.064475
2130,55.367858,-131.678527
2150,57.779137,-152.460881
2164,58.557351000000004,-156.371652
2170,61.611281000000005,-149.421961
2180,64.457026,-165.295491
2185,70.522779,-154.862085
2188,66.943735,-161.63818500000002
2195,56.812712,-133.115025
2198,55.448164,-132.56084199999998
2201,,
2220,57.062746,-135.33717099999998
2230,59.464535999999995,-135.311501
2232,,
2240,63.856184999999996,-144.687024
2261,61.26149,-145.882504
2270,62.089902,-164.314723
2275,56.38582099999999,-132.31083700000002
2280,,
2282,59.547975,-139.724878
2290,65.010262,-152.550423
4001,35.577687,-109.41483999999998
4003,31.607357,-110.063053
4005,35.514426,-111.590056
4007,33.82356,-111.007494
4009,32.867329999999995,-109.81218100000001
4011,32.970402,-109.24871200000001
4012,33.908361,-114.172146
4013,33.493403,-112.04143
4015,35.069679,-114.24963400000001
4017,34.893625,-110.211155
4019,32.216707,-110.96001000000001
4021,33.060133,-111.58836399999998
4023,31.434733,-110.94319499999999
4025,34.629014,-112.26776699999999
4027,32.650040000000004,-114.59866299999999
5001,34.405316,-91.46128399999999
5003,33.179373,-91.87136
5005,36.332208,-92.383933
5007,36.337348,-94.23054300000001
5009,36.267871,-93.09934399999999
5011,33.569321,-92.103312
5013,33.591116,-92.49555500000001
5015,36.373069,-93.57081600000001
5017,33.32186,-91.31837800000001
5019,34.094705,-93.12485600000001
5021,36.370695,-90.37241800000001
5023,35.510232,-92.037481
5025,33.914989,-92.139146
5027,33.258045,-93.24745899999999
5029,35.214487,-92.70416
5031,35.835235,-90.669325
5033,35.496882,-94.28435999999999
5035,35.17736,-90.217261
5037,35.252833,-90.775307
5039,33.869213,-92.527123
5041,33.773838,-91.417485
5043,33.6274,-91.781779
5045,35.104918,-92.40535899999999
5047,35.446102,-93.885464
5049,36.376787,-91.764934
5051,34.505811,-93.081852
5053,34.309174,-92.41271400000001
5055,36.07312,-90.523016
5057,33.699647,-93.623587
5059,34.353464,-92.894595
5061,33.983198,-93.910184
5063,35.749801,-91.607539
5065,36.120217,-91.908429
5067,35.621102,-91.24623299999999
5069,34.233473,-92.041179
5071,35.475272,-93.47551700000001
5073,33.287628999999995,-93.557538
5075,36.070223999999996,-91.065733
5077,34.785214,-90.774516
5079,33.975379,-91.746234
5081,33.700518,-94.195995
5083,35.227532000000004,-93.768119
5085,34.905178,-91.970577
5087,36.061309,-93.755297
5089,36.28457,-92.663368
5091,33.400831,-93.987504
5093,35.84288,-89.999037
5095,34.777729,-91.218021
5097,34.517013,-93.622663
5099,33.722167999999996,-93.358085
5101,35.98494,-93.1705
5103,33.574461,-92.838871
5105,34.999054,-92.779271
5107,34.529768,-90.707796
5109,34.187298,-93.624765
5111,35.60191,-90.557998
5113,34.52045,-94.25851899999999
5115,35.309776,-93.097238
5117,34.859177,-91.536241
5119,34.773719,-92.31165899999999
5121,36.304758,-90.98841999999999
5123,35.015313,-90.770297
5125,34.593233000000005,-92.546163
5127,34.907145,-94.095905
5129,35.922829,-92.659155
5131,35.318195,-94.354435
5133,34.014236,-94.304091
5135,36.178492999999996,-91.520168
5137,35.856705,-92.137
5139,33.20687,-92.64508000000001
5141,35.567839,-92.421475
5143,36.094275,-94.17222199999999
5145,35.243736,-91.767388
5147,35.233191,-91.25207900000001
5149,35.120982,-93.28945999999999
6001,37.705201,-122.100393
6003,38.728297999999995,-119.847603
6005,38.394208,-120.775729
6007,39.669037,-121.70763500000001
6009,38.163627000000005,-120.63371799999999
6011,39.156147999999995,-122.08555700000001
6013,37.935588,-122.03013100000001
6015,41.791232,-124.16308799999999
6017,38.746543,-120.74433
6019,36.738918,-119.76788400000001
6021,39.663418,-122.17749099999999
6023,40.752982,-124.087189
6025,32.841101,-115.53448700000001
6027,37.160247,-118.267513
6029,35.372968,-118.936004
6031,36.242748999999996,-119.72908400000001
6033,38.973362,-122.734609
6035,40.392396999999995,-120.579176
6037,34.065193,-118.244222
6039,37.043099,-120.00675
6041,37.986705,-122.547075
6043,37.542747999999996,-119.957219
6045,39.285329,-123.397227
6047,37.281015999999994,-120.623989
6049,41.522584,-120.65091100000001
6051,37.763321999999995,-118.97059399999999
6053,36.611722,-121.64616200000002
6055,38.329075,-122.321646
6057,39.219524,-120.916546
6059,33.733953,-117.86288
6061,38.844511,-121.18246599999999
6063,39.983857,-120.825847
6065,33.800439000000004,-117.06620500000001
6067,38.56895,-121.38086100000001
6069,36.843404,-121.40385900000001
6071,34.190248,-117.357474
6073,32.88326,-117.112994
6075,37.759598,-122.438323
6077,37.931804,-121.29810800000001
6079,35.342391,-120.667689
6081,37.56395,-122.34099099999999
6083,34.639262,-120.092602
6085,37.315104999999996,-121.910421
6087,36.985171,-121.936728
6089,40.580269,-122.29996100000001
6091,39.612588,-120.41423600000002
6093,41.576203,-122.489833
6095,38.235582,-122.069324
6097,38.41408,-122.720522
6099,37.619147,-120.955577
6101,39.135490000000004,-121.644269
6103,40.115187,-122.218704
6105,40.681267999999996,-123.07235700000001
6107,36.251227,-119.23154699999999
6109,37.971531,-120.32853
6111,34.241989000000004,-119.02501799999999
6113,38.598913,-121.721112
6115,39.13883,-121.506626
8001,39.874297,-104.92747299999999
8003,37.483069,-105.877245
8005,39.647528,-104.845968
8007,37.240087,-107.085027
8009,37.368221000000005,-102.527089
8011,38.072386,-103.1631
8013,40.063299,-105.183981
8014,39.936888,-105.05549099999999
8015,38.676497,-106.082645
8017,38.816795,-102.45777
8019,39.712957,-105.52965
8021,37.195652,-105.989049
8023,37.281779,-105.448477
8025,38.188547,-103.857439
8027,38.134215999999995,-105.381557
8029,38.798565,-107.91055300000001
8031,39.72143,-104.955068
8033,37.740817,-108.75741000000001
8035,39.48527,-104.87971200000001
8037,39.599453000000004,-106.717771
8039,39.382868,-104.51913
8041,38.873669,-104.758477
8043,38.426058000000005,-105.20653200000001
8045,39.507560999999995,-107.53935600000001
8047,39.85702,-105.48021000000001
8049,40.050388,-105.9754
8051,38.657886,-106.944723
8053,37.996875,-107.29653
8055,37.616312,-104.884201
8057,40.692851,-106.291292
8059,39.720524,-105.128819
8061,38.470657,-102.68057900000001
8063,39.309763000000004,-102.435733
8065,39.245870000000004,-106.30806100000001
8067,37.265198,-107.806184
8069,40.504546000000005,-105.099218
8071,37.196601,-104.503149
8073,39.173232,-103.613697
8075,40.639399,-103.187715
8077,39.092851,-108.543768
8079,37.798623,-106.93558600000001
8081,40.515239,-107.625859
8083,37.370816999999995,-108.557116
8085,38.479141999999996,-107.934568
8087,40.256023,-103.78151700000001
8089,38.024096,-103.657432
8091,38.139834,-107.746232
8093,39.311718,-105.623144
8095,40.599517,-102.387354
8097,39.232543,-106.907765
8099,38.083771999999996,-102.547035
8101,38.263684999999995,-104.645147
8103,40.051033000000004,-108.280174
8105,37.616658,-106.238805
8107,40.453133,-106.89953500000001
8109,37.915302000000004,-106.019489
8111,37.804646000000005,-107.67398899999999
8113,37.974202000000005,-107.96003400000001
8115,40.960246000000005,-102.32767
8117,39.573131,-106.054579
8119,38.94355,-105.14053200000001
8121,40.092526,-103.156814
8123,40.328082,-104.788507
8125,40.069472999999995,-102.486935
9001,41.207889,-73.364521
9003,41.761943,-72.717282
9005,41.727851,-73.187494
9007,41.478564,-72.57140799999999
9009,41.396052000000005,-72.941497
9011,41.443373,-72.09768299999999
9013,41.842762,-72.37209
9015,41.804225,-71.995072
10001,39.12322,-75.558604
10003,39.68502,-75.634376
10005,38.662387,-75.346649
11001,38.910270000000004,-77.01446800000001
12001,29.665903000000004,-82.386845
12003,30.288432,-82.185477
12005,30.206925,-85.660217
12007,29.953428999999996,-82.128192
12009,28.232195,-80.690979
12011,26.134058,-80.227135
12013,30.463143,-85.122189
12015,26.954793,-82.119946
12017,28.863598,-82.453512
12019,30.084386,-81.79941
12021,26.199831,-81.699625
12023,30.126051,-82.660566
12027,27.189369,-81.864094
12029,29.634179,-83.056329
12031,30.300302000000002,-81.622853
12033,30.485314000000002,-87.274788
12035,29.523494,-81.224735
12037,29.786787,-84.822838
12039,30.59828,-84.581397
12041,29.704639,-82.808262
12043,26.896029,-81.185404
12045,29.988578999999998,-85.259478
12047,30.501534000000003,-82.997218
12049,27.548312,-81.815432
12051,26.705392,-81.20257099999999
12053,28.50485,-82.496961
12055,27.460415,-81.442555
12057,27.976529,-82.401275
12059,30.847684,-85.758558
12061,27.671827,-80.44058100000001
12063,30.800240000000002,-85.21611899999999
12065,30.504031,-83.886291
12067,30.065417999999998,-83.179508
12069,28.735689,-81.752026
12071,26.574991999999998,-81.858144
12073,30.466103000000004,-84.270371
12075,29.379995,-82.666319
12077,30.399795,-84.905169
12079,30.47263,-83.430563
12081,27.477054,-82.532775
12083,29.140116,-82.123367
12085,27.1443,-80.244395
12086,25.774565,-80.298888
12087,24.739678,-81.26394499999999
12089,30.607962,-81.647153
12091,30.542828999999998,-86.567105
12093,27.272057,-80.822153
12095,28.532854999999998,-81.384377
12097,28.266765000000003,-81.383484
12099,26.617075,-80.146119
12101,28.261606,-82.51608
12103,27.899794,-82.727651
12105,28.03114,-81.799975
12107,29.609299,-81.720431
12109,29.977088000000002,-81.421504
12111,27.338067,-80.353183
12113,30.549592999999998,-87.03695400000001
12115,27.208205,-82.423893
12117,28.697834000000004,-81.310445
12119,28.825768,-82.03546899999999
12121,30.214688,-82.987546
12123,30.064881,-83.59796700000001
12125,30.010768,-82.35691899999999
12127,29.073725,-81.123944
12129,30.185525,-84.331546
12131,30.583728999999998,-86.190665
12133,30.650717999999998,-85.625419
13001,31.77388,-82.338473
13003,31.317301,-82.886363
13005,31.547221,-82.466071
13007,31.307754,-84.437989
13009,33.084849,-83.245659
13011,34.351255,-83.506647
13013,33.993054,-83.7275
13015,34.208434999999994,-84.829122
13017,31.727638,-83.248636
13019,31.238588,-83.252459
13021,32.832049,-83.687184
13023,32.401368,-83.33214
13025,31.216648,-81.96996999999999
13027,30.842082,-83.54009
13029,31.979537,-81.37595400000001
13031,32.417702,-81.76241999999999
13033,33.101987,-81.998447
13035,33.296102000000005,-83.97000200000001
13037,31.527411999999998,-84.66844499999999
13039,30.814165000000003,-81.635079
13043,32.399861,-82.06230500000001
13045,33.622192999999996,-85.044673
13047,34.927795,-85.17282
13049,30.780002000000003,-82.023033
13051,32.036008,-81.126449
13053,32.344231,-84.899254
13055,34.495509000000006,-85.344167
13057,34.169606,-84.496595
13059,33.950406,-83.380863
13061,31.633549,-85.013368
13063,33.553383000000004,-84.362238
13065,31.017888,-82.740932
13067,33.943253999999996,-84.557878
13069,31.516,-82.84066700000001
13071,31.180954999999997,-83.768671
13073,33.516220000000004,-82.165654
13075,31.149846999999998,-83.424499
13077,33.379117,-84.736399
13079,32.707681,-83.934002
13081,31.947962,-83.77779100000001
13083,34.882709000000006,-85.497004
13085,34.401379999999996,-84.104119
13087,30.888345,-84.57036
13089,33.789813,-84.248029
13091,32.212815,-83.175591
13093,32.16758,-83.784195
13095,31.573426,-84.167625
13097,33.724923,-84.73464399999999
13099,31.331726,-84.916722
13101,30.708629,-83.057989
13103,32.291745,-81.299511
13105,34.126521000000004,-82.87952299999999
13107,32.58586,-82.307952
13109,32.169649,-81.90736700000001
13111,34.901383,-84.313402
13113,33.427941,-84.512414
13115,34.255796000000004,-85.183164
13117,34.19492,-84.144322
13119,34.377334999999995,-83.186079
13121,33.836086,-84.39364499999999
13123,34.677248999999996,-84.483646
13125,33.235927000000004,-82.609847
13127,31.202697999999998,-81.486488
13129,34.498326,-84.908795
13131,30.882764,-84.214288
13133,33.549876,-83.166093
13135,33.951956,-84.057963
13137,34.56516,-83.54162600000001
13139,34.275205,-83.844712
13141,33.255825,-83.00204699999999
13143,33.76192,-85.18547
13145,32.699933,-84.895034
13147,34.355413,-82.96495300000001
13149,33.309334,-85.1134
13151,33.475842,-84.175416
13153,32.571603,-83.66335699999999
13155,31.604646999999996,-83.280834
13157,34.132059000000005,-83.584805
13159,33.356251,-83.72434100000001
13161,31.848776,-82.600696
13163,33.063551000000004,-82.407657
13165,32.794618,-81.950133
13167,32.701199,-82.679535
13169,32.962134000000006,-83.54514
13171,33.080020000000005,-84.1544
13173,31.035393,-83.090886
13175,32.516487,-82.92613100000001
13177,31.681194,-84.173396
13179,31.827765999999997,-81.578482
13181,33.781126,-82.44638
13183,31.778807,-81.733663
13185,30.857006,-83.280221
13187,34.524951,-83.986879
13189,33.459617,-82.46986600000001
13191,31.47526,-81.407579
13193,32.325041999999996,-84.038814
13195,34.104614,-83.24068
13197,32.380907,-84.523557
13199,33.008863,-84.67284599999999
13201,31.159722,-84.73719799999999
13205,31.216853000000004,-84.172094
13207,33.038194,-83.906823
13209,32.167319,-82.533261
13211,33.600243,-83.485957
13213,34.782329,-84.792066
13215,32.492289,-84.930634
13217,33.569520000000004,-83.896609
13219,33.875278,-83.45794599999999
13221,33.916594,-83.14492
13223,33.905688,-84.816609
13225,32.584826,-83.82958
13227,34.455892,-84.442301
13229,31.314668,-82.240429
13231,33.103227000000004,-84.366796
13233,34.010878000000005,-85.176771
13235,32.275344,-83.48034200000001
13237,33.317059,-83.339663
13239,31.859377000000002,-85.077727
13241,34.87903,-83.407223
13243,31.760403000000004,-84.758026
13245,33.426859,-82.049444
13247,33.642043,-84.020894
13249,32.241549,-84.306781
13251,32.722842,-81.627328
13253,30.972496000000003,-84.868027
13255,33.258051,-84.273339
13257,34.556903999999996,-83.28868100000001
13259,32.069334999999995,-84.76451899999999
13261,32.059981,-84.221818
13263,32.703124,-84.582116
13265,33.5688,-82.88576
13267,32.043908,-82.052217
13269,32.560542,-84.21508299999999
13271,32.01562,-82.892471
13273,31.772157,-84.42886
13275,30.868962,-83.948411
13277,31.454362,-83.515048
13279,32.183935999999996,-82.36702199999999
13281,34.938691999999996,-83.782961
13283,32.387046999999995,-82.589718
13285,33.036737,-85.031746
13287,31.700824,-83.636891
13289,32.703662,-83.416286
13291,34.874243,-84.002286
13293,32.907469,-84.324382
13295,34.83654,-85.293376
13297,33.795381,-83.784266
13299,31.22682,-82.383943
13301,33.407596000000005,-82.66284399999999
13303,32.962029,-82.77340600000001
13305,31.611857,-81.919105
13307,32.049343,-84.56065699999999
13309,32.146558,-82.751307
13311,34.601048,-83.744309
13313,34.792742,-84.965686
13315,31.975167,-83.40565699999999
13317,33.755364,-82.753524
13319,32.8443,-83.239491
13321,31.535712,-83.861186
15001,19.672837,-155.421895
15003,21.372464,-157.913673
15005,21.188495,-156.979972
15007,22.021022,-159.442112
15009,20.863747,-156.49381599999998
16001,43.611186,-116.304409
16003,44.848619,-116.375947
16005,42.869212,-112.423672
16007,42.306336,-111.341632
16009,47.271692,-116.63973600000001
16011,43.217372,-112.355721
16013,43.541366,-114.29427700000001
16015,43.899702000000005,-115.993695
16017,48.235649,-116.630982
16019,43.494876,-111.997623
16021,48.705964,-116.302851
16023,43.699096999999995,-113.29456200000001
16025,43.350524,-114.756451
16027,43.611438,-116.627276
16029,42.643778000000005,-111.65606299999999
16031,42.482791,-113.74183300000001
16033,44.185815000000005,-112.278608
16035,46.485240000000005,-116.185221
16037,44.285168,-114.04803500000001
16039,43.115320000000004,-115.68440700000001
16041,42.0993,-111.872202
16043,44.014844000000004,-111.61546399999999
16045,43.884322999999995,-116.506739
16047,42.852717,-114.75106699999999
16049,45.974127,-116.10656599999999
16051,43.691123,-111.969394
16053,42.698446999999994,-114.46266899999999
16055,47.73713,-116.832581
16057,46.742968,-116.93443400000001
16059,45.127412,-113.86153
16061,46.238065999999996,-116.25738999999999
16063,42.973467,-114.32606899999999
16065,43.819114,-111.794073
16067,42.613265999999996,-113.712227
16069,46.394126,-116.95046200000002
16071,42.181568,-112.30127399999999
16073,43.376748,-116.68155800000001
16075,44.020334000000005,-116.894281
16077,42.775001,-112.829004
16079,47.514637,-116.085925
16081,43.692977,-111.125546
16083,42.558563,-114.504002
16085,44.758677,-116.073719
16087,44.297897999999996,-116.919922
17001,39.943826,-91.328948
17003,37.149251,-89.289666
17005,38.884622,-89.432819
17007,42.293981,-88.851989
17009,39.964815,-90.746466
17011,41.382964,-89.42378000000001
17013,39.12353,-90.63801
17015,42.071878999999996,-89.963255
17017,39.979865999999994,-90.319209
17019,40.128073,-88.233083
17021,39.525298,-89.254627
17023,39.351007,-87.800246
17025,38.716132,-88.490134
17027,38.587753,-89.472099
17029,39.487297,-88.258277
17031,41.865937,-87.757714
17033,39.00569,-87.748024
17035,39.275965,-88.28088699999999
17037,41.927172,-88.72946
17039,40.171701,-88.908946
17041,39.766826,-88.279794
17043,41.849815,-88.071617
17045,39.635942,-87.71537
17047,38.402493,-88.04063000000001
17049,39.094722999999995,-88.576033
17051,38.997828999999996,-89.033295
17053,40.527421999999994,-88.217453
17055,37.962134999999996,-88.953316
17057,40.521963,-90.119357
17059,37.770001,-88.238563
17061,39.372240000000005,-90.373465
17063,41.345273999999996,-88.347437
17065,38.092156,-88.55774699999999
17067,40.425725,-91.203133
17069,37.478453,-88.290573
17071,40.828841,-90.9448
17073,41.348782,-90.134757
17075,40.763597,-87.834391
17077,37.747793,-89.27403100000001
17079,39.003765,-88.159885
17081,38.308488,-88.91080799999999
17083,39.072862,-90.32042
17085,42.411324,-90.305944
17087,37.474558,-88.882358
17089,41.918110999999996,-88.331264
17091,41.148582,-87.85086700000001
17093,41.663724,-88.37906600000001
17095,40.937032,-90.328601
17097,42.313072,-87.96945799999999
17099,41.350798,-88.895997
17101,38.718291,-87.748328
17103,41.810241999999995,-89.398207
17105,40.907044,-88.573187
17107,40.140775,-89.36150500000001
17109,40.469471999999996,-90.669344
17111,42.271471999999996,-88.34988
17113,40.494122999999995,-88.954977
17115,39.851176,-88.947076
17117,39.19403,-89.87703499999999
17119,38.801396000000004,-90.018097
17121,38.590709999999994,-89.01696700000001
17123,41.043034000000006,-89.315638
17125,40.286475,-89.898924
17127,37.178592,-88.714109
17129,39.99726,-89.79950699999999
17131,41.214043,-90.687167
17133,38.358529,-90.171163
17135,39.198961,-89.505319
17137,39.718154999999996,-90.231161
17139,39.631979,-88.614419
17141,42.028653000000006,-89.256098
17143,40.742915,-89.638993
17145,38.058514,-89.323862
17147,40.007008,-88.581585
17149,39.621311,-90.859127
17151,37.39893,-88.54991
17153,37.199543,-89.13475
17155,41.229306,-89.270945
17157,38.055541,-89.809249
17159,38.725943,-88.08831500000001
17161,41.489142,-90.504005
17163,38.550219,-90.000674
17165,37.754785999999996,-88.536395
17167,39.772757,-89.652867
17169,40.13118,-90.568639
17171,39.645737,-90.462754
17173,39.396539000000004,-88.802073
17175,41.098377,-89.792451
17177,42.324139,-89.644541
17179,40.602899,-89.534104
17181,37.468579999999996,-89.23650500000001
17183,40.149683,-87.65480600000001
17185,38.431283,-87.789625
17187,40.890638,-90.636371
17189,38.359407,-89.39393000000001
17191,38.406869,-88.422496
17193,38.089959,-88.19224100000001
17195,41.780798,-89.82325300000001
17197,41.565138,-88.057232
17199,37.755675,-88.974979
17201,42.307128000000006,-89.06224
17203,40.771239,-89.29030999999999
18001,40.753766999999996,-84.93431700000001
18003,41.098642,-85.12232900000001
18005,39.216784999999994,-85.902794
18007,40.575066,-87.291433
18009,40.469726,-85.34419
18011,40.013009000000004,-86.398737
18013,39.236241,-86.20969000000001
18015,40.578983,-86.600098
18017,40.747104,-86.33959200000001
18019,38.371546,-85.732035
18021,39.469066,-87.124217
18023,40.298201,-86.51230699999999
18025,38.313435,-86.42344399999999
18027,38.696963000000004,-87.098076
18029,39.14462,-84.920935
18031,39.319975,-85.49421099999999
18033,41.378214,-85.034285
18035,40.20517,-85.401962
18037,38.357067,-86.91403199999999
18039,41.637679,-85.906728
18041,39.640791,-85.14749599999999
18043,38.321514,-85.855645
18045,40.152089000000004,-87.271946
18047,39.401885,-85.070265
18049,41.059389,-86.220078
18051,38.30918,-87.546685
18053,40.525253,-85.644413
18055,39.052316,-86.992172
18057,40.002534000000004,-86.059737
18059,39.811662,-85.824125
18061,38.233745,-86.097474
18063,39.772784,-86.41505500000001
18065,39.928644,-85.403678
18067,40.470704,-86.132959
18069,40.870224,-85.487085
18071,38.925896,-85.942654
18073,41.075783,-87.149436
18075,40.428424,-85.033025
18077,38.758956,-85.43369200000001
18079,39.005169,-85.648821
18081,39.553276000000004,-86.113609
18083,38.698623,-87.45768000000001
18085,41.266796,-85.830484
18087,41.6324,-85.46117
18089,41.526226,-87.40815500000001
18091,41.631837,-86.790977
18093,38.846385999999995,-86.49571800000001
18095,40.11412,-85.708901
18097,39.791299,-86.13590500000001
18099,41.347248,-86.27308199999999
18101,38.678357,-86.848113
18103,40.730651,-86.073933
18105,39.162879,-86.537697
18107,40.035109999999996,-86.90006
18109,39.512251,-86.39931800000001
18111,40.994087,-87.380385
18113,41.413892,-85.391205
18115,38.954549,-84.911295
18117,38.562156,-86.49698199999999
18119,39.315596,-86.79982199999999
18121,39.758327,-87.227997
18123,38.009327,-86.705205
18125,38.424833,-87.233923
18127,41.513678999999996,-87.105308
18129,38.013245,-87.823041
18131,41.050592,-86.685266
18133,39.646107,-86.835611
18135,40.168572999999995,-84.997064
18137,39.159402,-85.218379
18139,39.623616,-85.47456899999999
18141,41.6754,-86.228686
18143,38.698198,-85.762718
18145,39.536039,-85.789825
18147,38.015495,-87.011149
18149,41.282896,-86.631962
18151,41.649521,-85.010662
18153,39.103093,-87.39098800000001
18155,38.819835,-85.023499
18157,40.41788,-86.886971
18159,40.308849,-86.050587
18161,39.618626,-84.919102
18163,37.996062,-87.551819
18165,39.763164,-87.44023100000001
18167,39.460817,-87.387985
18169,40.858522,-85.80237199999999
18171,40.312186,-87.326289
18173,38.012884,-87.352574
18175,38.572886,-86.08667700000001
18177,39.842737,-84.949811
18179,40.770771,-85.194412
18181,40.755697999999995,-86.81030600000001
18183,41.163144,-85.47848
19001,41.344629,-94.479157
19003,41.006693,-94.70963499999999
19005,43.25705,-91.417115
19007,40.739836,-92.86703399999999
19009,41.676829,-94.925302
19011,42.06222,-92.017478
19013,42.490851,-92.370013
19015,42.026494,-93.895155
19017,42.743058000000005,-92.37696700000001
19019,42.486957000000004,-91.901041
19021,42.679153,-95.181444
19023,42.707538,-92.75869200000001
19025,42.400162,-94.625331
19027,42.038571000000005,-94.867634
19029,41.365898,-94.979466
19031,41.757883,-91.137388
19033,43.135116,-93.246222
19035,42.749288,-95.593937
19037,43.038059000000004,-92.344319
19039,41.036834999999996,-93.78126
19041,43.127315,-95.159571
19043,42.860096999999996,-91.322919
19045,41.852707,-90.335737
19047,42.027366,-95.35845400000001
19049,41.645223,-93.92336800000001
19051,40.765097,-92.415821
19053,40.71001,-93.821366
19055,42.482434000000005,-91.383342
19057,40.833525,-91.141489
19059,43.389624,-95.133548
19061,42.493726,-90.759915
19063,43.394425,-94.75499
19065,42.820384999999995,-91.855375
19067,43.074625,-92.75233
19069,42.755202000000004,-93.240318
19071,40.747942,-95.623322
19073,42.029792,-94.375962
19075,42.380262,-92.748284
19077,41.669446,-94.431251
19079,42.407552,-93.76698499999999
19081,43.092013,-93.705072
19083,42.436775,-93.215799
19085,41.662391,-95.80743299999999
19087,40.981343,-91.537058
19089,43.361616,-92.231027
19091,42.746790000000004,-94.215551
19093,42.391343,-95.50438100000001
19095,41.702615,-92.039923
19097,42.139283,-90.56678199999999
19099,41.678374,-93.070038
19101,41.013171,-91.964603
19103,41.679755,-91.55830999999999
19105,42.136466999999996,-91.198513
19107,41.325439,-92.17499000000001
19109,43.147016,-94.22057
19111,40.55857,-91.396226
19113,42.009607,-91.647251
19115,41.22579,-91.259929
19117,41.021148,-93.31304499999999
19119,43.385265000000004,-96.218544
19121,41.347064,-93.989405
19123,41.31208,-92.64101600000001
19125,41.35483,-93.04269000000001
19127,42.031353,-92.93842099999999
19129,41.04967,-95.695267
19131,43.336257,-92.803247
19133,42.063026,-95.985135
19135,41.035615,-92.827682
19137,41.008619,-95.16799499999999
19139,41.464065000000005,-91.078997
19141,43.126413,-95.690881
19143,43.386379999999996,-95.680373
19145,40.747616,-95.188476
19147,43.099878000000004,-94.690212
19149,42.747907,-96.20343100000001
19151,42.745402,-94.700868
19153,41.623296,-93.641654
19155,41.278533,-95.79515
19157,41.709953000000006,-92.62066300000001
19159,40.733763,-94.23852
19161,42.375805,-95.088801
19163,41.563153,-90.567812
19165,41.665153000000004,-95.320336
19167,43.079825,-96.16727
19169,42.026371000000005,-93.601827
19171,42.065599,-92.542587
19173,40.755364,-94.673438
19175,41.053083,-94.318925
19177,40.745557,-91.939134
19179,41.016218,-92.418385
19181,41.400884999999995,-93.588243
19183,41.361978,-91.695465
19185,40.740054,-93.312926
19187,42.480374,-94.179066
19189,43.34288,-93.66703100000001
19191,43.281284,-91.814375
19193,42.483225,-96.344174
19195,43.36654,-93.252258
19197,42.732195000000004,-93.755488
20001,37.896584000000004,-95.367053
20003,38.250112,-95.264386
20005,39.555583,-95.181488
20007,37.212182,-98.557384
20009,38.394738000000004,-98.757739
20011,37.845557,-94.749443
20013,39.801272999999995,-95.550384
20015,37.727135,-96.98977099999999
20017,38.358336,-96.55937800000001
20019,37.111002,-96.231466
20021,37.115229,-94.75507900000001
20023,39.768136,-101.73899399999999
20025,37.290453,-99.87303299999999
20027,39.356195,-97.12257
20029,39.53395,-97.637247
20031,38.247657000000004,-95.739982
20033,37.236270000000005,-99.365215
20035,37.174285,-96.997786
20037,37.439934,-94.731394
20039,39.804328999999996,-100.490859
20041,38.881314,-97.149128
20043,39.788641999999996,-95.07500999999999
20045,38.941783,-95.251337
20047,37.914412,-99.354911
20049,37.421638,-96.23670200000001
20051,38.88156,-99.32999000000001
20053,38.721016,-98.262851
20055,37.97733,-100.86582
20057,37.751112,-99.994842
20059,38.602731,-95.260071
20061,39.03865,-96.83925
20063,39.047631,-100.374241
20065,39.359746,-99.85785200000001
20067,37.580306,-101.34973000000001
20069,37.726577,-100.412964
20071,38.487089000000005,-101.763211
20073,37.85753,-96.226569
20075,37.979185,-101.76765999999999
20077,37.215092,-98.051218
20079,38.047084999999996,-97.385273
20081,37.500029,-100.89411
20083,38.083504,-99.867564
20085,39.400923999999996,-95.751346
20087,39.210891,-95.397856
20089,39.775457,-98.201227
20091,38.928049,-94.73713199999999
20093,37.954211,-101.237967
20095,37.608437,-98.097712
20097,37.598711,-99.257059
20099,37.258236,-95.260544
20101,38.503002,-100.487778
20103,39.238518,-94.95930200000001
20105,39.036065,-98.175271
20107,38.237359000000005,-94.801632
20109,39.098288000000004,-100.92526099999999
20111,38.416154,-96.17977900000001
20113,38.381163,-97.647603
20115,38.326437,-97.124507
20117,39.800028000000005,-96.573612
20119,37.292089000000004,-100.394216
20121,38.590405,-94.83638499999999
20123,39.454968,-98.174198
20125,37.139982,-95.695334
20127,38.698153999999995,-96.588826
20129,37.047093,-101.83833299999999
20131,39.829915,-95.96262800000001
20133,37.624963,-95.39482
20135,38.492429,-99.898826
20137,39.820601,-99.878289
20139,38.698945,-95.711621
20141,39.424792,-98.707572
20143,39.096434,-97.681833
20145,38.178540999999996,-99.147286
20147,39.757048,-99.349355
20149,39.258472999999995,-96.316121
20151,37.645065,-98.731177
20153,39.807807000000004,-101.053756
20155,38.050915,-97.933041
20157,39.818188,-97.659183
20159,38.321963000000004,-98.20102800000001
20161,39.189473,-96.633015
20163,39.314265999999996,-99.31679100000001
20165,38.525797,-99.28359300000001
20167,38.904508,-98.82495899999999
20169,38.815777000000004,-97.60673299999999
20171,38.482303,-100.913605
20173,37.678808000000004,-97.344603
20175,37.052196,-100.9161
20177,39.035591,-95.705467
20179,39.367909999999995,-100.467964
20181,39.349294,-101.726283
20183,39.770675,-98.809623
20185,38.006859999999996,-98.736685
20187,37.566266999999996,-101.756238
20189,37.190103,-101.322335
20191,37.304076,-97.406852
20193,39.38443,-101.04619
20195,39.004452,-99.881979
20197,38.984769,-96.177572
20199,38.888589,-101.765288
20201,39.782029,-97.054087
20203,38.494296999999996,-101.349386
20205,37.512574,-95.741217
20207,37.8733,-95.739522
20209,39.104143,-94.707937
21001,37.107756,-85.279096
21003,36.747908,-86.208056
21005,38.028088000000004,-84.923071
21007,37.04421,-88.97886
21009,36.996774,-85.931813
21011,38.139441,-83.73656
21013,36.687928,-83.701396
21015,38.9871,-84.679715
21017,38.202978,-84.246611
21019,38.431905,-82.66654799999999
21021,37.635777000000004,-84.799493
21023,38.702562,-84.070088
21025,37.520092,-83.37768
21027,37.770382,-86.410471
21029,38.022943,-85.655385
21031,37.218921,-86.680574
21033,37.127446,-87.87921999999999
21035,36.620185,-88.305814
21037,39.035049,-84.44141
21039,36.854337,-88.94788
21041,38.668554,-85.139328
21043,38.313503000000004,-83.03815999999999
21045,37.303319,-84.92416800000001
21047,36.810955,-87.478173
21049,37.986825,-84.182232
21051,37.169598,-83.746759
21053,36.713992,-85.135223
21055,37.332496,-88.095078
21057,36.778888,-85.38907900000001
21059,37.747732,-87.094971
21061,37.196775,-86.255277
21063,38.122128000000004,-83.106515
21065,37.706277,-83.988899
21067,38.020523,-84.496639
21069,38.388567,-83.708286
21071,37.552299,-82.73852600000001
21073,38.196045,-84.867592
21075,36.538176,-89.03501700000001
21077,38.764401,-84.842979
21079,37.649333,-84.57555699999999
21081,38.688103999999996,-84.602069
21083,36.741213,-88.650362
21085,37.46909,-86.306723
21087,37.265597,-85.538944
21089,38.555431,-82.812206
21091,37.868017,-86.804762
21093,37.746047,-85.917039
21095,36.865625,-83.232825
21097,38.415966,-84.314823
21099,37.278157,-85.885789
21101,37.818482,-87.56440500000001
21103,38.431903999999996,-85.17949499999999
21105,36.666725,-88.959953
21107,37.305865999999995,-87.523154
21109,37.402802,-83.99368
21111,38.201775,-85.69183199999999
21113,37.884454999999996,-84.587046
21115,37.829598,-82.813992
21117,39.01319,-84.548581
21119,37.32759,-82.940555
21121,36.901584,-83.915231
21123,37.544796000000005,-85.72340799999999
21125,37.091397,-84.087834
21127,38.078995,-82.68164300000001
21129,37.591772999999996,-83.70169200000001
21131,37.115255,-83.37635
21133,37.14583,-82.80717299999999
21135,38.562531,-83.347091
21137,37.473121,-84.669872
21139,37.135813,-88.350899
21141,36.85949,-86.865922
21143,37.060704,-88.079778
21145,37.048079,-88.648273
21147,36.715761,-84.446083
21149,37.513232,-87.21931500000001
21151,37.70616,-84.287451
21153,37.729816,-83.056234
21155,37.569587,-85.287195
21157,36.898302,-88.339329
21159,37.830545,-82.51692
21161,38.616398,-83.788535
21163,37.934298,-86.132811
21165,37.939448999999996,-83.598399
21167,37.785009,-84.849691
21169,36.990815999999995,-85.641586
21171,36.708328,-85.72992099999999
21173,38.035773,-83.917436
21175,37.91274,-83.266566
21177,37.23809,-87.14704
21179,37.818018,-85.460371
21181,38.327655,-84.023779
21183,37.465058,-86.864293
21185,38.372848,-85.459538
21187,38.531935,-84.831925
21189,37.452096999999995,-83.684099
21191,38.715798,-84.359742
21193,37.257625,-83.20106
21195,37.463505,-82.420659
21197,37.852292999999996,-83.88113
21199,37.092819,-84.614645
21201,38.520826,-84.04884799999999
21203,37.381612,-84.348396
21205,38.194615999999996,-83.442318
21207,37.029336,-85.05932
21209,38.231691,-84.570575
21211,38.213513,-85.230241
21213,36.733284999999995,-86.572109
21215,38.059721,-85.350915
21217,37.350402,-85.343425
21219,36.81176,-87.171454
21221,36.847046999999996,-87.836202
21223,38.620698,-85.332526
21225,37.653315,-87.926958
21227,36.970396,-86.434563
21229,37.738655,-85.190875
21231,36.837888,-84.844614
21233,37.499711,-87.687044
21235,36.809692,-84.14099499999999
21237,37.740621999999995,-83.510902
21239,38.050067999999996,-84.727271
22001,30.278554999999997,-92.351799
22003,30.669387,-92.774458
22005,30.248525,-90.934028
22007,29.922957,-91.06645
22009,31.053586,-92.062566
22011,30.733884999999997,-93.287136
22013,32.388898,-93.080261
22015,32.555696999999995,-93.656675
22017,32.472074,-93.800831
22019,30.227531,-93.261485
22021,32.078215,-92.103757
22023,29.956692999999998,-93.212142
22025,31.696935999999997,-91.824471
22027,32.833682,-93.03305999999999
22029,31.592783,-91.545991
22031,32.10498,-93.77673399999999
22033,30.462491999999997,-91.100943
22035,32.770972,-91.19516
22037,30.826843,-91.089224
22039,30.685722,-92.36223100000001
22041,32.143813,-91.696268
22043,31.534149,-92.542816
22045,29.994199,-91.810231
22047,30.272099,-91.234302
22049,32.280659,-92.646015
22051,29.945261,-90.153175
22053,30.240194,-92.738028
22055,30.205215000000003,-92.043759
22057,29.679993,-90.615099
22059,31.730558000000002,-92.17255300000001
22061,32.549258,-92.64793
22063,30.483388,-90.840765
22065,32.397648,-91.196834
22067,32.786393,-91.886161
22069,31.759482000000002,-93.09736099999999
22071,29.972699,-90.05284
22073,32.514346,-92.129634
22075,29.721759999999996,-89.90075999999999
22077,30.67107,-91.50005999999999
22079,31.28458,-92.457473
22081,32.054629,-93.307602
22083,32.441085,-91.71475600000001
22085,31.581882,-93.566643
22087,29.928239,-89.934425
22089,29.939396999999996,-90.376773
22091,30.788338,-90.69387900000001
22093,30.020769,-90.737207
22095,30.071496999999997,-90.513417
22097,30.514028999999997,-92.11131400000001
22099,30.229052000000003,-91.835169
22101,29.740593,-91.344782
22103,30.383308000000003,-89.948329
22105,30.571610999999997,-90.455513
22107,31.964792,-91.297084
22109,29.592812,-90.722239
22111,32.794503999999996,-92.40430699999999
22113,29.993689,-92.16592299999999
22115,31.094949,-93.245823
22117,30.835918,-89.996174
22119,32.7001,-93.340925
22121,30.443957,-91.264463
22123,32.816551000000004,-91.431802
22125,30.893607,-91.404737
22127,31.929892,-92.676588
23001,44.119069,-70.201312
23003,46.705048,-68.086628
23005,43.748088,-70.305589
23007,44.70749,-70.225634
23009,44.471475,-68.467743
23011,44.396102,-69.749178
23013,44.129785999999996,-69.162849
23015,44.032332000000004,-69.55505699999999
23017,44.28237,-70.61336
23019,44.953036,-68.79423
23021,45.242096999999994,-69.263375
23023,43.956202000000005,-69.869704
23025,44.821921,-69.685757
23027,44.491137,-69.08655300000001
23029,44.863591,-67.464919
23031,43.424108000000004,-70.640561
24001,39.629197,-78.822261
24003,39.067301,-76.598917
24005,39.369252,-76.620366
24009,38.548518,-76.54204200000001
24011,38.874331,-75.831491
24013,39.527218,-76.9931
24015,39.613824,-75.936585
24017,38.578559000000006,-76.953006
24019,38.570623,-76.00975799999999
24021,39.432254,-77.400231
24023,39.512187,-79.303138
24025,39.521376000000004,-76.310879
24027,39.219271,-76.856729
24029,39.245059999999995,-76.058525
24031,39.086185,-77.122862
24033,38.908576000000004,-76.88994699999999
24035,39.022436,-76.148099
24037,38.307326,-76.578864
24039,38.132883,-75.743445
24041,38.769665,-76.09812600000001
24043,39.617574,-77.731386
24045,38.371571,-75.59508199999999
24047,38.301936,-75.238169
24510,39.314892,-76.619614
25001,41.690216,-70.333968
25003,42.460781,-73.216577
25005,41.793219,-71.108301
25007,41.421286,-70.602745
25009,42.624790000000004,-70.98781600000001
25011,42.578289,-72.55870300000001
25013,42.125927000000004,-72.575325
25015,42.312537,-72.57332199999999
25017,42.448546,-71.255223
25019,41.267912,-70.09111999999999
25021,42.202695,-71.14756
25023,42.023962,-70.853689
25025,42.334806,-71.078632
25027,42.303703999999996,-71.80532099999999
26001,44.665115,-83.46759399999999
26003,46.388671,-86.70040999999999
26005,42.603137,-85.874288
26007,45.050953,-83.504463
26009,44.978646999999995,-85.19869200000001
26011,44.044496,-83.88273000000001
26013,46.765021000000004,-88.45425999999999
26015,42.614153,-85.34174399999999
26017,43.630573999999996,-83.92838499999999
26019,44.650382,-86.016123
26021,41.987514000000004,-86.407539
26023,41.929764,-85.031761
26025,42.289509,-85.101835
26027,41.891974,-86.040589
26029,45.247029,-85.115158
26031,45.512741,-84.518691
26033,46.367641,-84.395364
26035,43.945731,-84.826409
26037,42.891278,-84.55503
26039,44.655060999999996,-84.666533
26041,45.802381,-87.066378
26043,45.833651,-88.01380999999999
26045,42.64387,-84.74048499999999
26047,45.433951,-84.908934
26049,43.006414,-83.694732
26051,43.967071000000004,-84.437377
26053,46.435975,-89.978538
26055,44.710656,-85.607171
26057,43.343314,-84.629372
26059,41.917025,-84.603983
26061,47.12765,-88.54160999999999
26063,43.833604,-83.06178299999999
26065,42.68888,-84.48781600000001
26067,42.956879,-85.085925
26069,44.356582,-83.53696
26071,46.098021,-88.534279
26073,43.607246999999994,-84.799832
26075,42.241313,-84.406366
26077,42.26348,-85.584896
26079,44.720698,-85.166074
26081,42.963793,-85.626605
26083,47.333639,-88.30247
26085,43.95981,-85.798358
26087,43.059695,-83.250561
26089,44.909768,-85.732585
26091,41.925187,-84.052388
26093,42.573054,-83.857596
26095,46.334456,-85.550951
26097,45.997904999999996,-84.879992
26099,42.586890000000004,-82.957388
26101,44.303916,-86.188019
26103,46.486961,-87.494598
26105,43.974937,-86.347842
26107,43.653562,-85.38882199999999
26109,45.341048,-87.582124
26111,43.642775,-84.298064
26113,44.305822,-85.179438
26115,41.900249,-83.485782
26117,43.288474,-85.180571
26119,44.999428,-84.12303100000001
26121,43.244172999999996,-86.215441
26123,43.46692,-85.809843
26125,42.587534999999995,-83.310386
26127,43.632703,-86.304176
26129,44.287569,-84.123289
26131,46.720246,-89.2851
26133,43.965561,-85.35119499999999
26135,44.696783,-84.147141
26137,45.006777,-84.66687900000001
26139,42.909362,-86.021326
26141,45.356834,-83.87362900000001
26143,44.364864000000004,-84.649836
26145,43.3982,-83.993736
26147,42.911355,-82.56438299999999
26149,41.888048,-85.52719
26151,43.364275,-82.779371
26153,46.004789,-86.22764699999999
26155,42.942805,-84.147237
26157,43.429727,-83.43571800000001
26159,42.260692,-86.00994
26161,42.256943,-83.727147
26163,42.332609999999995,-83.217933
26165,44.307684,-85.485562
27001,46.570765,-93.52436800000001
27003,45.195145000000004,-93.27024499999999
27005,46.849159,-95.776251
27007,47.591009,-94.86303199999999
27009,45.633538,-94.10248399999999
27011,45.400021,-96.44322199999999
27013,44.129816,-93.998839
27015,44.284244,-94.599226
27017,46.642726,-92.536239
27019,44.83804,-93.679956
27021,46.814565,-94.415763
27023,44.960561,-95.620749
27025,45.453007,-92.924051
27027,46.857997999999995,-96.672421
27029,47.561894,-95.388249
27031,47.783499,-90.337909
27033,43.94151,-95.119501
27035,46.430372,-94.158899
27037,44.765954,-93.151767
27039,44.02998,-92.808798
27041,45.909027,-95.39199
27043,43.680245,-93.957933
27045,43.692687,-92.082719
27047,43.662563,-93.36179399999999
27049,44.449071999999994,-92.667524
27051,45.943212,-95.936611
27053,44.974633000000004,-93.36119000000001
27055,43.718927,-91.440063
27057,47.057887,-94.93415300000001
27059,45.544297,-93.26146800000001
27061,47.315978,-93.52053199999999
27063,43.665988,-95.11255799999999
27065,45.886315,-93.299412
27067,45.15505,-95.016796
27069,48.729535999999996,-96.78110799999999
27071,48.509405,-93.48572800000001
27073,44.982243,-96.133339
27075,47.180205,-91.55743000000001
27077,48.765863,-94.745194
27079,44.39373,-93.717527
27081,44.375240999999995,-96.25353199999999
27083,44.428427,-95.795395
27085,44.859713,-94.264668
27087,47.296073,-95.840755
27089,48.310109000000004,-96.532098
27091,43.665285,-94.511487
27093,45.136368,-94.48298299999999
27095,45.794230999999996,-93.624487
27097,45.983428,-94.327628
27099,43.665099,-92.898185
27101,43.98645,-95.74103000000001
27103,44.265357,-94.06079
27105,43.636327,-95.667405
27107,47.307989,-96.477907
27109,44.023967,-92.473176
27111,46.405065,-95.793598
27113,48.102255,-96.148403
27115,46.033409999999996,-92.892705
27117,43.981472,-96.270609
27119,47.780427,-96.550934
27121,45.629871,-95.43713000000001
27123,44.993146,-93.106321
27125,47.876104,-96.135646
27127,44.43888,-95.19515799999999
27129,44.721973999999996,-94.937875
27131,44.370591999999995,-93.260361
27133,43.648101000000004,-96.238816
27135,48.821304,-95.648394
27137,47.085203,-92.311226
27139,44.713131,-93.46789100000001
27141,45.404646,-93.721897
27143,44.582707,-94.168405
27145,45.557829999999996,-94.360801
27147,44.064305,-93.21441300000001
27149,45.580687,-95.92602600000001
27151,45.274076,-95.64442
27153,46.066924,-94.886512
27155,45.751079,-96.54916999999999
27157,44.297858000000005,-92.221086
27159,46.524392999999996,-95.04137
27161,44.06100000000001,-93.549998
27163,44.988623,-92.920897
27165,43.993423,-94.583786
27167,46.316536,-96.52968299999999
27169,44.023706,-91.714435
27171,45.197631,-93.828888
27173,44.737553000000005,-95.825953
28001,31.547641,-91.352164
28003,34.908784999999995,-88.531068
28005,31.180019,-90.817613
28007,33.066234,-89.58685200000001
28009,34.810109999999995,-89.20418599999999
28011,33.77228,-90.775341
28013,33.929772,-89.306905
28015,33.458389000000004,-89.918375
28017,33.932227000000005,-88.931815
28019,33.342151,-89.236281
28021,31.935954,-90.954141
28023,32.062753,-88.730627
28025,33.624590000000005,-88.69246
28027,34.222427,-90.569863
28029,31.889652,-90.3792
28031,31.637590999999997,-89.54871800000001
28033,34.9304,-89.956695
28035,31.309039000000002,-89.287875
28037,31.473218,-90.872761
28039,30.870535999999998,-88.592895
28041,31.193014,-88.626139
28043,33.768122,-89.802799
28045,30.379392,-89.405662
28047,30.432955,-89.063834
28049,32.303868,-90.255669
28051,33.090289,-90.0284
28053,33.161583,-90.519097
28055,32.867278999999996,-91.006351
28057,34.292221000000005,-88.40269
28059,30.444370000000003,-88.660684
28061,31.966737,-89.144535
28063,31.714659,-91.055531
28065,31.574917,-89.814551
28067,31.668673,-89.16512
28069,32.759966999999996,-88.677908
28071,34.361506,-89.526937
28073,31.264156,-89.438738
28075,32.400679,-88.691796
28077,31.555383000000003,-90.109256
28079,32.725455,-89.504736
28081,34.274735,-88.702989
28083,33.513076,-90.209073
28085,31.550890999999996,-90.456276
28087,33.515351,-88.392697
28089,32.510711,-90.098347
28091,31.244446999999997,-89.82969399999999
28093,34.815764,-89.542843
28095,33.925912,-88.498114
28097,33.496574,-89.682988
28099,32.754204,-89.117671
28101,32.412040000000005,-89.128073
28103,33.13112,-88.54983
28105,33.449231,-88.828709
28107,34.350009,-89.938355
28109,30.641968,-89.63173
28111,31.262821000000002,-88.991988
28113,31.216057,-90.436396
28115,34.252502,-89.011424
28117,34.631502000000005,-88.552652
28119,34.27262,-90.262854
28121,32.279373,-90.033002
28123,32.401463,-89.529197
28125,32.924745,-90.859408
28127,31.916008,-89.853775
28129,31.971849,-89.506985
28131,30.809010999999998,-89.136496
28133,33.594122999999996,-90.584058
28135,33.983144,-90.197125
28137,34.64608,-89.948155
28139,34.767895,-88.925793
28141,34.723482000000004,-88.22836600000001
28143,34.709638,-90.348008
28145,34.484262,-89.007903
28147,31.151621999999996,-90.12138900000001
28149,32.325884,-90.84524499999999
28151,33.37108,-91.010964
28153,31.650101,-88.65932099999999
28155,33.582221000000004,-89.22617199999999
28157,31.121531,-91.23826899999999
28159,33.084925,-89.042843
28161,34.080595,-89.693557
28163,32.82849,-90.380241
29001,40.19566,-92.58244599999999
29003,39.922565000000006,-94.81829300000001
29005,40.421105,-95.437688
29007,39.205358000000004,-91.82107099999999
29009,36.735065000000006,-93.86274399999999
29011,37.495228000000004,-94.308903
29013,38.276163000000004,-94.36232199999999
29015,38.302689,-93.308948
29017,37.338242,-89.998323
29019,38.959866,-92.321523
29021,39.750602,-94.821954
29023,36.75379,-90.413589
29025,39.664765,-93.994816
29027,38.802239,-91.993447
29029,38.072828,-92.749496
29031,37.353894,-89.60625
29033,39.410154999999996,-93.495631
29035,36.949427,-90.897277
29037,38.746895,-94.423526
29039,37.767996000000004,-93.895022
29041,39.486626,-92.934967
29043,37.025687,-93.262511
29045,40.413068,-91.70473199999999
29047,39.251395,-94.49391999999999
29049,39.602092999999996,-94.370131
29051,38.552393,-92.218634
29053,38.909615,-92.772604
29055,38.059819,-91.322802
29057,37.415613,-93.829944
29059,37.643825,-93.067095
29061,39.942683,-93.98325799999999
29063,39.81961,-94.34050400000001
29065,37.630684,-91.54213100000001
29067,36.939746,-92.588247
29069,36.326743,-90.059209
29071,38.432966,-90.999826
29073,38.45363,-91.491625
29075,40.199987,-94.439143
29077,37.193837,-93.3083
29079,40.091968,-93.595469
29081,40.313851,-94.000823
29083,38.394758,-93.736873
29085,37.910659,-93.330251
29087,40.092393,-95.199972
29089,39.139325,-92.705762
29091,36.793133000000005,-91.873823
29093,37.571851,-90.71159899999999
29095,39.010332,-94.446137
29097,37.128993,-94.443436
29099,38.340593,-90.47574399999999
29101,38.757209,-93.770312
29103,40.151668,-92.150669
29105,37.669645,-92.65456
29107,39.056329,-93.840082
29109,37.035398,-93.797074
29111,40.085505,-91.64908199999999
29113,39.003625,-90.928671
29115,39.796774,-93.065191
29117,39.795916,-93.554324
29119,36.618064000000004,-94.39808000000001
29121,39.798522,-92.51033000000001
29123,37.535795,-90.300055
29125,38.171917,-91.878062
29127,39.740805,-91.45566099999999
29129,40.418591,-93.575859
29131,38.247837,-92.507085
29133,36.857051,-89.365459
29135,38.628938,-92.616373
29137,39.520553,-91.973958
29139,38.950802,-91.468473
29141,38.381506,-92.85030400000001
29143,36.605307,-89.65871
29145,36.921797999999995,-94.41138000000001
29147,40.352748999999996,-94.86791600000001
29149,36.618128999999996,-91.464771
29151,38.453819,-91.883136
29153,36.623090000000005,-92.424289
29155,36.181794000000004,-89.748715
29157,37.713671999999995,-89.857097
29159,38.702201,-93.246549
29161,37.942882,-91.748715
29163,39.363535,-91.156139
29165,39.262166,-94.684698
29167,37.601813,-93.404415
29169,37.824257,-92.1773
29171,40.480841999999996,-92.97926899999999
29173,39.57958,-91.468633
29175,39.412906,-92.45193499999999
29177,39.335640999999995,-94.06127
29179,37.336586,-90.97298599999999
29181,36.627212,-90.791802
29183,38.776604,-90.659755
29185,38.056009,-93.765606
29186,37.939468,-90.168495
29187,37.835573,-90.492254
29189,38.647121000000006,-90.386218
29195,39.111933,-93.204898
29197,40.461815,-92.521984
29199,40.448001,-92.146652
29201,37.014497999999996,-89.577839
29203,37.069627000000004,-91.429472
29205,39.761774,-92.077052
29207,36.850777,-89.969639
29209,36.717605,-93.43843299999999
29211,40.217733,-93.103734
29213,36.656706,-93.18997900000001
29215,37.328457,-91.968488
29217,37.835598,-94.340355
29219,38.788663,-91.10358000000001
29221,37.953146999999994,-90.785675
29223,37.107087,-90.512622
29225,37.263337,-92.907363
29227,40.482258,-94.438797
29229,37.192204,-92.429174
29510,38.623609,-90.25299100000001
30001,45.221056,-112.69618600000001
30003,45.565831,-107.502778
30005,48.441261,-108.89908600000001
30007,46.302846,-111.535578
30009,45.321484000000005,-109.084478
30011,45.679127,-104.523733
30013,47.491839,-111.30625800000001
30015,47.956365999999996,-110.403274
30017,46.403369,-105.817008
30019,48.783415999999995,-105.43032
30021,47.134482,-104.750559
30023,46.137755,-112.95408700000002
30025,46.358863,-104.309448
30027,47.097547999999996,-109.41709499999999
30029,48.247203999999996,-114.279524
30031,45.682805,-111.12828300000001
30033,47.299772999999995,-106.97783000000001
30035,48.602920000000005,-112.79915600000001
30037,46.287061,-109.13969499999999
30039,46.448832,-113.293879
30041,48.515786,-109.762794
30043,46.254092,-112.053101
30045,47.102395,-110.17744499999999
30047,47.601938,-114.120003
30049,46.64477,-112.021955
30051,48.563509,-111.00028300000001
30053,48.545504,-115.43767700000001
30055,47.561984,-105.644548
30057,45.435990000000004,-111.94921699999999
30059,46.526827000000004,-110.875445
30061,47.185565999999994,-114.899744
30063,46.875471999999995,-114.019007
30065,46.417552,-108.490425
30067,45.59709,-110.599015
30069,47.012440999999995,-108.29671599999999
30071,48.374315,-107.857685
30073,48.210126,-112.14458
30075,45.440737,-105.535004
30077,46.449212,-112.760484
30079,46.807846999999995,-105.269953
30081,46.352649,-114.117267
30083,47.718571999999995,-104.20390400000001
30085,48.132540999999996,-105.24766000000001
30087,45.907996000000004,-106.611337
30089,47.636131,-115.177085
30091,48.737464,-104.499376
30093,45.98796,-112.52435600000001
30095,45.613806,-109.24949299999999
30097,45.830248,-109.91591899999999
30099,47.771875,-112.054612
30101,48.585262,-111.85338
30103,46.255884,-107.24100200000001
30105,48.233939,-106.54614299999999
30107,46.459736,-109.84409099999999
30109,46.969011,-104.196159
30111,45.791309000000005,-108.53941699999999
31001,40.583763,-98.414536
31003,42.149596,-98.05683
31005,41.569808,-101.673813
31007,41.557925,-103.702088
31009,41.901108,-100.007203
31011,41.68018,-98.01635999999999
31013,42.135040000000004,-102.903704
31015,42.891084,-98.730816
31017,42.538835999999996,-99.852141
31019,40.737667,-99.07016
31021,41.845797,-96.34254
31023,41.248948999999996,-97.141234
31025,40.946526,-96.062535
31027,42.576273,-97.25486
31029,40.500254,-101.61976700000001
31031,42.784561,-100.754886
31033,41.166245,-102.982623
31035,40.545465,-98.029666
31037,41.517571000000004,-97.076554
31039,41.897578,-96.759175
31041,41.401092999999996,-99.672832
31043,42.445678,-96.441515
31045,42.785306,-103.066266
31047,40.828531,-99.858944
31049,41.088793,-102.345568
31051,42.438517,-96.83000200000001
31053,41.473485,-96.53063
31055,41.25991,-96.061471
31057,40.093189,-101.601584
31059,40.540682000000004,-97.578024
31061,40.187621,-98.946914
31063,40.607972,-100.40419399999999
31065,40.248006,-99.925599
31067,40.274482,-96.714139
31069,41.422768,-102.32076500000001
31071,41.800943,-99.107238
31073,40.592124,-99.830993
31075,41.984367999999996,-101.731402
31077,41.556319,-98.497703
31079,40.915597,-98.377535
31081,40.878695,-98.021089
31083,40.145693,-99.40221
31085,40.49563,-101.058515
31087,40.211960999999995,-101.006845
31089,42.4584,-98.742988
31091,42.016040999999994,-101.062839
31093,41.189549,-98.493475
31095,40.164028,-97.140354
31097,40.401369,-96.228933
31099,40.506264,-98.992742
31101,41.141877,-101.696492
31103,42.868344,-99.70360699999999
31105,41.232889,-103.66071099999999
31107,42.61911,-97.786962
31109,40.801058000000005,-96.673551
31111,41.119634999999995,-100.78923
31113,41.484178,-100.500737
31115,41.816483000000005,-99.402546
31117,41.57331,-100.986347
31119,42.003908,-97.461692
31121,41.1312,-98.039353
31123,41.707122999999996,-103.159224
31125,41.403828999999995,-97.895028
31127,40.403957,-95.836309
31129,40.115021,-98.06110799999999
31131,40.669495,-96.02987399999999
31133,40.134921000000006,-96.18405899999999
31135,40.847278,-101.672531
31137,40.468151,-99.406756
31139,42.262663,-97.591986
31141,41.469013000000004,-97.38740899999999
31143,41.174759,-97.555813
31145,40.205475,-100.587807
31147,40.099947,-95.673464
31149,42.536442,-99.495235
31151,40.578252,-97.02001
31153,41.153107,-96.03389200000001
31155,41.199571,-96.571016
31157,41.865018,-103.68038
31159,40.873593,-97.106037
31161,42.699304999999995,-102.398893
31163,41.223634000000004,-98.97165
31165,42.379652,-103.825082
31167,41.985653000000006,-97.251636
31169,40.179229,-97.62535
31171,41.966823,-100.546734
31173,42.159409000000004,-96.515688
31175,41.573370000000004,-98.947749
31177,41.507053000000006,-96.15829599999999
31179,42.22193,-97.063062
31181,40.200266,-98.485192
31183,41.880573999999996,-98.543873
31185,40.864374,-97.60543100000001
32001,39.473584,-118.79566100000001
32003,36.143366,-115.14993999999999
32005,38.956913,-119.755928
32007,40.870907,-115.51859499999999
32009,37.708803,-117.677756
32011,39.866898,-116.14768600000001
32013,41.034176,-117.74505500000001
32015,40.520911,-116.94321000000001
32017,37.6903,-114.644504
32019,39.34878,-119.32513300000001
32021,38.590037,-118.63869299999999
32023,36.468656,-116.165792
32027,40.34344,-118.294549
32029,39.389364,-119.62413799999999
32031,39.535558,-119.795493
32033,39.273238,-114.862381
32510,39.166134,-119.75371100000001
33001,43.5174,-71.44059
33003,43.810972,-71.166412
33005,42.898264000000005,-72.262715
33007,44.550062,-71.36275
33009,43.838874,-71.95326800000001
33011,42.879889,-71.532928
33013,43.246442,-71.586214
33015,42.936726,-71.10426600000001
33017,43.247646,-70.954943
33019,43.367422,-72.259352
34001,39.427562,-74.58345200000001
34003,40.918799,-74.057383
34005,39.982667,-74.83426899999999
34007,39.86401,-75.027836
34009,39.095952000000004,-74.807133
34011,39.428284000000005,-75.087728
34013,40.768705,-74.216402
34015,39.749187,-75.12745600000001
34017,40.742925,-74.061278
34019,40.572183,-74.896782
34021,40.255565999999995,-74.70034
34023,40.485529,-74.38792099999999
34025,40.291301000000004,-74.14773000000001
34027,40.859552,-74.501661
34029,39.973657,-74.21461
34031,40.925360999999995,-74.191473
34033,39.625938,-75.37658
34035,40.561176,-74.57879799999999
34037,41.091219,-74.654037
34039,40.659609,-74.294239
34041,40.795162,-75.016426
35001,35.107877,-106.61603899999999
35003,33.928093,-108.54920700000001
35005,33.364652,-104.51261
35006,35.113977,-107.80460900000001
35007,36.702618,-104.643736
35009,34.420099,-103.21570799999999
35011,34.465462,-104.257875
35013,32.247294000000004,-106.728697
35015,32.547601,-104.291387
35017,32.780454999999996,-108.24269299999999
35019,34.930036,-104.792489
35021,35.861022999999996,-103.984528
35023,32.275633,-108.76673999999998
35025,32.753116999999996,-103.193711
35027,33.420964,-105.631173
35028,35.868766,-106.270283
35029,32.217487,-107.740412
35031,35.511503999999995,-108.63423
35033,35.99928,-105.241049
35035,32.806642,-105.98984399999999
35037,35.180626000000004,-103.65613
35039,36.201002,-106.204801
35041,34.167549,-103.348217
35043,35.328604999999996,-106.64926000000001
35045,36.721940000000004,-108.220647
35047,35.573296,-105.309684
35049,35.630805,-106.004953
35051,33.109272999999995,-107.277841
35053,34.153828000000004,-106.957793
35055,36.433446999999994,-105.609376
35057,34.867124,-106.10099699999999
35059,36.455575,-103.262118
35061,34.752148999999996,-106.72254199999999
36001,42.678976,-73.81304
36003,42.228245,-78.019297
36005,40.849354,-73.882363
36007,42.121306,-75.93424499999999
36009,42.224267,-78.607656
36011,42.93537,-76.56004399999999
36013,42.246256,-79.31467099999999
36015,42.118262,-76.813046
36017,42.481195,-75.570326
36019,44.730039,-73.545325
36021,42.273336,-73.681049
36023,42.59613,-76.145474
36025,42.244535,-74.993985
36027,41.681015,-73.839417
36029,42.889478000000004,-78.792596
36031,44.174474,-73.68990600000001
36033,44.712835,-74.344365
36035,43.059172,-74.33034599999999
36037,42.999625,-78.17309499999999
36039,42.299303,-73.97587299999999
36041,43.612034,-74.385121
36043,43.070536,-74.99503399999999
36045,44.019125,-75.89664
36047,40.650523,-73.95481099999999
36049,43.789217,-75.449321
36051,42.766358000000004,-77.7642
36053,42.984471,-75.717386
36055,43.161503,-77.619988
36057,42.933549,-74.343088
36059,40.716587,-73.602242
36061,40.777958,-73.966303
36063,43.134704,-78.852109
36065,43.147453999999996,-75.35910600000001
36067,43.067188,-76.16744200000001
36069,42.899374,-77.260129
36071,41.422034000000004,-74.243059
36073,43.248317,-78.223294
36075,43.391821,-76.31314499999999
36077,42.563531,-75.060062
36079,41.411282,-73.717247
36081,40.721294,-73.833451
36083,42.699991,-73.629889
36085,40.588522999999995,-74.137304
36087,41.127623,-74.019039
36089,44.651458,-75.14970799999999
36091,43.008801,-73.785787
36093,42.809284000000005,-73.946182
36095,42.642508,-74.436027
36097,42.387815,-76.86912199999999
36099,42.827354,-76.828521
36101,42.266288,-77.320329
36103,40.821923999999996,-73.113775
36105,41.700086,-74.707459
36107,42.120979999999996,-76.297151
36109,42.460259,-76.477416
36111,41.841064,-74.10074499999999
36113,43.396992,-73.714626
36115,43.290255,-73.45869300000001
36117,43.143734,-77.12668199999999
36119,41.040535999999996,-73.804532
36121,42.725753999999995,-78.218884
36123,42.633657,-77.078037
37001,36.071263,-79.41419300000001
37003,35.890299,-81.191638
37005,36.498332,-81.105731
37007,34.972823999999996,-80.11014499999999
37009,36.415077000000004,-81.48975899999999
37011,36.07632,-81.943907
37013,35.519484000000006,-76.956571
37015,36.083776,-76.96888299999999
37017,34.607845000000005,-78.64109
37019,34.03637,-78.22919499999999
37021,35.587674,-82.550087
37023,35.730474,-81.638347
37025,35.399234,-80.612525
37027,35.873614,-81.503741
37029,36.36267,-76.19176
37031,34.746773,-76.804454
37033,36.402606,-79.36193100000001
37035,35.695409000000005,-81.245839
37037,35.744124,-79.236572
37039,35.106484,-84.016472
37041,36.116754,-76.626254
37043,35.035247999999996,-83.807512
37045,35.292496,-81.51701700000001
37047,34.279270000000004,-78.709221
37049,35.066758,-77.038555
37051,35.056492999999996,-78.936138
37053,36.391946000000004,-76.00904
37055,35.907564,-75.674875
37057,35.853743,-80.199539
37059,35.929813,-80.52158
37061,34.936096,-77.943354
37063,35.989801,-78.9062
37065,35.903736,-77.656297
37067,36.106431,-80.256625
37069,36.047826,-78.340858
37071,35.275594,-81.15657399999999
37073,36.46589,-76.70615699999999
37075,35.330969,-83.787962
37077,36.223855,-78.657114
37079,35.468776,-77.669536
37081,36.065215,-79.850251
37083,36.353153000000006,-77.672949
37085,35.359863,-78.847096
37087,35.517983,-82.939915
37089,35.34095,-82.47235500000001
37091,36.351304,-77.009973
37093,34.989624,-79.177133
37095,35.43421,-76.208134
37097,35.707328000000004,-80.86910300000001
37099,35.335275,-83.202489
37101,35.560263,-78.41195400000001
37103,35.027454,-77.353062
37105,35.459779,-79.173135
37107,35.262322999999995,-77.631874
37109,35.485027,-81.178511
37111,35.667958,-82.021507
37113,35.157148,-83.380756
37115,35.839078,-82.638666
37117,35.83274,-77.100767
37119,35.223469,-80.81662
37121,35.962278000000005,-82.11434799999999
37123,35.338988,-79.88204
37125,35.244618,-79.44678
37127,35.947410999999995,-77.923901
37129,34.211687,-77.879277
37131,36.431948,-77.434731
37133,34.741545,-77.400612
37135,35.978596,-79.081244
37137,35.105356,-76.775886
37139,36.293502000000004,-76.246298
37141,34.469476,-77.836015
37143,36.181298999999996,-76.424403
37145,36.373422,-78.970901
37147,35.57917,-77.381178
37149,35.258669,-82.17545
37151,35.766292,-79.82798100000001
37153,34.943604,-79.733496
37155,34.674582,-79.093867
37157,36.402246999999996,-79.77260600000001
37159,35.620395,-80.521966
37161,35.348446,-81.89497800000001
37163,35.033839,-78.396164
37165,34.786334000000004,-79.47868000000001
37167,35.321525,-80.247474
37169,36.350640000000006,-80.273917
37171,36.431314,-80.656971
37173,35.438412,-83.413457
37175,35.2102,-82.74550699999999
37177,35.907144,-76.238874
37179,35.013609,-80.619702
37181,36.331178,-78.402101
37183,35.797203,-78.673074
37185,36.409715000000006,-78.138543
37187,35.864206,-76.649275
37189,36.220299,-81.685479
37191,35.370731,-77.98845899999999
37193,36.193059000000005,-81.134214
37195,35.726988,-77.93132299999999
37197,36.163573,-80.675351
37199,35.910154999999996,-82.292339
38001,46.032949,-102.625989
38003,46.92752,-98.03303199999999
38005,48.020821999999995,-99.14612199999999
38007,47.016207,-103.30830300000001
38009,48.820134,-100.650317
38011,46.171184999999994,-103.39664599999999
38013,48.771943,-102.521915
38015,46.822761,-100.76150799999999
38017,46.860506,-96.861406
38019,48.755612,-98.41499
38021,46.087765999999995,-98.32818499999999
38023,48.874965,-103.348927
38025,47.332654,-102.643252
38027,47.707976,-99.051857
38029,46.265684,-100.210914
38031,47.461156,-99.040279
38033,46.894589,-103.96224699999999
38035,47.907658000000005,-97.120998
38037,46.387962,-101.711807
38039,47.451199,-98.18781
38041,46.448932,-102.544717
38043,46.919486,-99.81366899999999
38045,46.405346,-98.52095899999999
38047,46.498411,-99.548585
38049,48.182793,-100.694529
38051,46.144162,-99.492295
38053,47.815540999999996,-103.228066
38055,47.523976,-101.204564
38057,47.297717,-101.710274
38059,46.819739,-101.011434
38061,48.134702000000004,-102.371315
38063,47.919339,-98.209414
38065,47.121328000000005,-101.307901
38067,48.789947,-97.582307
38069,48.328165999999996,-99.988011
38071,48.136409,-98.83484399999999
38073,46.478257,-97.657193
38075,48.721416,-101.526364
38077,46.264153,-96.76635
38079,48.836027,-99.817363
38081,46.163745,-97.591691
38083,47.576556,-100.34015600000001
38085,46.161951,-100.72635
38087,46.411465,-103.44374599999999
38089,46.879757,-102.785075
38091,47.459656,-97.746445
38093,46.915799,-98.74469599999999
38095,48.584615,-99.234305
38097,47.491264,-97.226828
38099,48.390892,-97.55523199999999
38101,48.256527,-101.329338
38103,47.676761,-99.781286
38105,48.199801,-103.563682
39001,38.848346,-83.517043
39003,40.757675,-84.121928
39005,40.855216999999996,-82.285667
39007,41.795339,-80.76757099999999
39009,39.345128,-82.10024
39011,40.545245,-84.269481
39013,40.042095,-80.88884
39015,38.948158,-83.892944
39017,39.410684,-84.50026700000001
39019,40.608318,-81.114892
39021,40.120684000000004,-83.76028000000001
39023,39.927147,-83.832287
39025,39.103441,-84.212568
39027,39.410548999999996,-83.842336
39029,40.777774,-80.730264
39031,40.290804,-81.86511999999999
39033,40.797377000000004,-82.874776
39035,41.449624,-81.676037
39037,40.115612,-84.608214
39039,41.295398,-84.449086
39041,40.216351,-83.013223
39043,41.405481,-82.627891
39045,39.795111,-82.666944
39047,39.549717,-83.44380799999999
39049,39.999581,-82.993223
39051,41.5785,-84.094751
39053,38.830628999999995,-82.274096
39055,41.489615,-81.221561
39057,39.726403999999995,-83.996686
39059,40.016788,-81.541827
39061,39.180332,-84.50859
39063,41.039056,-83.641951
39065,40.689386,-83.67575500000001
39067,40.308636,-81.05067199999999
39069,41.358702,-84.076961
39071,39.220062,-83.581988
39073,39.522194,-82.446275
39075,40.567391,-81.872764
39077,41.175374,-82.614391
39079,39.036265,-82.610661
39081,40.365108,-80.69422800000001
39083,40.399128000000005,-82.454649
39085,41.685888,-81.319338
39087,38.503018,-82.540684
39089,40.05271,-82.515759
39091,40.383676,-83.779471
39093,41.38987,-82.112376
39095,41.652803000000006,-83.61534499999999
39097,39.924376,-83.379953
39099,41.049535,-80.696308
39101,40.58206,-83.12915600000001
39103,41.144056,-81.84012
39105,39.060946,-82.013323
39107,40.517286999999996,-84.608376
39109,40.046907,-84.234863
39111,39.741292,-81.06521
39113,39.746151,-84.207549
39115,39.616690000000006,-81.86614300000001
39117,40.518848,-82.795365
39119,39.961284,-81.996883
39121,39.77163,-81.48516500000001
39123,41.531718,-83.081463
39125,41.132218,-84.584535
39127,39.754135999999995,-82.234082
39129,39.666509000000005,-82.993084
39131,39.083994,-83.038173
39133,41.17947,-81.273457
39135,39.743738,-84.624466
39137,41.0083,-84.11802
39139,40.762374,-82.540347
39141,39.340682,-83.022104
39143,41.341058000000004,-83.101952
39145,38.781628999999995,-82.945444
39147,41.127601,-83.20132199999999
39149,40.318869,-84.192139
39151,40.837013,-81.38717199999999
39153,41.112957,-81.51289799999999
39155,41.240415000000006,-80.75980600000001
39157,40.479556,-81.465322
39159,40.252214,-83.35011300000001
39161,40.856353000000006,-84.565522
39163,39.240103999999995,-82.503644
39165,39.424293,-84.24512800000001
39167,39.41251,-81.512663
39169,40.838544,-81.864335
39171,41.533691,-84.573035
39173,41.44828,-83.601066
39175,40.865953000000005,-83.298153
40001,35.887523,-94.63575
40003,36.660625,-98.318501
40005,34.324459000000004,-96.090179
40007,36.818228000000005,-100.616419
40009,35.361391,-99.512486
40011,35.884817,-98.420662
40013,33.977295,-96.383822
40015,35.147225,-98.338494
40017,35.491254,-97.78114000000001
40019,34.192075,-97.20456999999999
40021,35.900171,-94.994163
40023,34.020247,-95.533567
40025,36.729185,-102.485321
40027,35.266627,-97.447024
40029,34.546448,-96.278023
40031,34.629215,-98.421648
40033,34.307790999999995,-98.332256
40035,36.675666,-95.153823
40037,35.974422,-96.233839
40039,35.547405,-98.839507
40041,36.463017,-94.794943
40043,36.052429,-99.06334
40045,36.265997,-99.784141
40047,36.398165000000006,-97.88378900000001
40049,34.735648,-97.288696
40051,35.099526000000004,-97.86189399999999
40053,36.762627,-97.774047
40055,34.915219,-99.45942099999999
40057,34.694761,-99.897993
40059,36.771519,-99.757532
40061,35.237804,-95.121608
40063,35.081959000000005,-96.32078
40065,34.653403999999995,-99.335932
40067,34.128114000000004,-97.866159
40069,34.263937,-96.654549
40071,36.745203000000004,-97.128546
40073,35.915329,-97.912409
40075,34.936358,-99.015436
40077,34.883191,-95.258464
40079,35.061854,-94.641301
40081,35.659026000000004,-96.882293
40083,35.832833,-97.439988
40085,33.927597,-97.171716
40087,35.092174,-97.514971
40089,34.001191,-94.816419
40091,35.385490000000004,-95.580112
40093,36.301932,-98.421761
40095,34.020632,-96.75442199999999
40097,36.292914,-95.235555
40099,34.507027,-97.028909
40101,35.709969,-95.368317
40103,36.322823,-97.23370899999999
40105,36.775397999999996,-95.634714
40107,35.44943,-96.333303
40109,35.519307,-97.510552
40111,35.61535,-95.967902
40113,36.424523,-96.241685
40115,36.858051,-94.837147
40117,36.273127,-96.549785
40119,36.091384999999995,-97.003156
40121,34.957989000000005,-95.71983399999999
40123,34.773665,-96.6714
40125,35.317085,-96.951814
40127,34.336743,-95.477215
40129,35.633256,-99.65458199999999
40131,36.317138,-95.644612
40133,35.18355,-96.628173
40135,35.468313,-94.732692
40137,34.517163000000004,-97.945593
40139,36.71352,-101.449911
40141,34.380456,-98.972769
40143,36.105918,-95.914798
40145,36.011259,-95.612267
40147,36.729169,-95.938601
40149,35.313031,-99.05686700000001
40151,36.764047999999995,-98.719763
40153,36.426108,-99.383837
41001,44.779398,-117.76548700000001
41003,44.571181,-123.278972
41005,45.363365,-122.57415
41007,46.098033,-123.837442
41009,45.893189,-122.93005
41011,43.305343,-124.231247
41013,44.285942999999996,-120.839327
41015,42.249909,-124.328547
41017,44.092071000000004,-121.30565
41019,43.237446999999996,-123.386761
41021,45.438181,-120.19438400000001
41023,44.450864,-119.001015
41025,43.522141,-118.98673799999999
41027,45.655533,-121.56313200000001
41029,42.346990000000005,-122.85831599999999
41031,44.601999,-121.193198
41033,42.404127,-123.38680900000001
41035,42.281867,-121.724883
41037,42.490564,-120.47930900000001
41039,44.038338,-123.117351
41041,44.712447,-124.00086100000001
41043,44.554621000000004,-122.95961799999999
41045,43.971312,-117.062987
41047,44.961690000000004,-122.954793
41049,45.730088,-119.61275800000001
41051,45.517889000000004,-122.588705
41053,44.920133,-123.211525
41055,45.522409,-120.726192
41057,45.467428000000005,-123.858675
41059,45.798618,-118.952064
41061,45.341758,-118.019473
41063,45.443081,-117.310593
41065,45.536003,-121.20259399999999
41067,45.48421,-122.87064099999999
41069,44.839441,-120.085187
41071,45.237712,-123.14044799999999
42001,39.851863,-77.15864599999999
42003,40.446249,-79.966538
42005,40.769725,-79.511347
42007,40.684545,-80.302592
42009,40.053371999999996,-78.477467
42011,40.364226,-75.90872900000001
42013,40.485519000000004,-78.3772
42015,41.829722,-76.526197
42017,40.238921999999995,-75.024632
42019,40.829198999999996,-79.958665
42021,40.406479,-78.800168
42023,41.502183,-78.236901
42025,40.871762,-75.70874599999999
42027,40.841087,-77.838248
42029,39.990871000000006,-75.679351
42031,41.183479,-79.42710799999999
42033,40.988403999999996,-78.495829
42035,41.141257,-77.45174499999999
42037,41.037606,-76.390955
42039,41.665952000000004,-80.101229
42041,40.204609000000005,-77.099379
42043,40.306988,-76.796622
42045,39.921778,-75.348629
42047,41.419475,-78.62066800000001
42049,42.068053000000006,-80.071718
42051,39.949668,-79.71427
42053,41.491795,-79.241027
42055,39.882739,-77.656246
42057,39.919336,-78.08638499999999
42059,39.876467,-80.117573
42061,40.424965,-78.002675
42063,40.616037,-79.12945500000001
42065,41.085708000000004,-78.96475799999999
42067,40.571523,-77.32961800000001
42069,41.441266,-75.63605799999999
42071,40.073653,-76.29085500000001
42073,40.986592,-80.336662
42075,40.341615000000004,-76.442891
42077,40.599225,-75.50896999999999
42079,41.199678999999996,-75.92918399999999
42081,41.249888,-76.98414
42083,41.865308,-78.583174
42085,41.263653000000005,-80.33692099999999
42087,40.602421,-77.61598199999999
42089,41.037307,-75.30819100000001
42091,40.169886,-75.313634
42093,40.997428,-76.630083
42095,40.699705,-75.32051899999999
42097,40.873395,-76.682108
42099,40.410162,-77.15284100000001
42101,40.004629,-75.13946899999999
42103,41.302232000000004,-74.985987
42105,41.822324,-77.936972
42107,40.713737,-76.19736400000001
42109,40.786765,-76.981311
42111,40.031352000000005,-79.01048399999999
42113,41.470773,-76.49082
42115,41.822623,-75.770799
42117,41.815409,-77.20728100000001
42119,40.97426,-76.957803
42121,41.406083,-79.76608399999999
42123,41.851752000000005,-79.238649
42125,40.204057,-80.144361
42127,41.539119,-75.3089
42129,40.339402,-79.591786
42131,41.539714000000004,-75.93835200000001
42133,39.942113,-76.75083199999999
44001,41.712119,-71.283919
44003,41.699104999999996,-71.487993
44005,41.548265,-71.266661
44007,41.856551,-71.450538
44009,41.46723,-71.589511
45001,34.238459000000006,-82.422325
45003,33.535416999999995,-81.769514
45005,32.994406,-81.29220699999999
45007,34.557505,-82.618277
45009,33.269763,-81.074156
45011,33.29489,-81.35449
45013,32.323566,-80.77157
45015,33.068108,-80.03285100000001
45017,33.67638,-80.819428
45019,32.822801,-79.979214
45021,35.080073,-81.64701
45023,34.702760999999995,-81.119727
45025,34.682027000000005,-80.144685
45027,33.691189,-80.206489
45029,32.916002,-80.655455
45031,34.326829,-79.983805
45033,34.394709999999996,-79.359942
45035,33.000816,-80.21761
45037,33.722044,-81.920292
45039,34.361469,-81.073993
45041,34.100049,-79.760954
45043,33.453334000000005,-79.26939899999999
45045,34.847691,-82.335536
45047,34.204262,-82.148595
45049,32.800714,-81.11846800000001
45051,33.786228,-78.940096
45053,32.427942,-81.012491
45055,34.259654,-80.645219
45057,34.758129,-80.74724
45059,34.504773,-82.026131
45061,34.181554999999996,-80.265139
45063,33.958732,-81.213684
45065,33.883028,-82.29365899999999
45067,34.164265,-79.33682900000001
45069,34.635883,-79.670645
45071,34.268079,-81.575787
45073,34.707761,-83.005464
45075,33.471515999999994,-80.799081
45077,34.809329,-82.686452
45079,34.060483000000005,-80.98649
45081,33.995666,-81.706529
45083,34.962731,-82.000163
45085,33.929411,-80.387303
45087,34.73195,-81.625389
45089,33.654581,-79.733271
45091,34.991083,-81.06181
46003,43.694057,-98.531305
46005,44.368344,-98.226727
46007,43.208288,-101.786034
46009,42.965559000000006,-97.860351
46011,44.312257,-96.786838
46013,45.477807,-98.448464
46015,43.762079,-99.18865100000001
46017,44.059259999999995,-99.37524300000001
46019,44.672144,-103.761216
46021,45.802878,-100.101667
46023,43.173936,-98.516453
46025,44.839529,-97.710087
46027,42.811174,-96.93806
46029,44.913901,-97.13138599999999
46031,45.764089,-100.924599
46033,43.739996000000005,-103.518429
46035,43.706368,-98.04146300000001
46037,45.364549,-97.520104
46039,44.736641999999996,-96.658745
46041,45.116808,-101.117074
46043,43.37109,-98.357737
46045,45.453502,-99.16043499999999
46047,43.388192,-103.514809
46049,45.077019,-99.11707
46051,45.205830999999996,-96.652826
46053,43.182984999999995,-99.278797
46055,44.130701,-101.577551
46057,44.647395,-97.142214
46059,44.529314,-98.990895
46061,43.658195,-97.780795
46063,45.612413000000004,-103.525357
46065,44.382661999999996,-100.30524100000001
46067,43.336046,-97.746735
46069,44.511151,-99.46011
46071,43.662756,-101.651749
46073,44.087702,-98.562253
46075,43.902516,-100.697764
46077,44.374375,-97.405002
46079,44.002691,-97.10011999999999
46081,44.447051,-103.800718
46083,43.427562,-96.746072
46085,43.951381,-99.72130200000001
46087,43.666866,-97.34487800000001
46089,45.760166999999996,-99.263772
46091,45.766216,-97.61997099999999
46093,44.296996,-103.28890899999999
46095,43.548671,-100.81463199999999
46097,44.01589,-97.555355
46099,43.559391,-96.73232900000001
46101,44.019542,-96.65760999999999
46103,44.064633,-103.213752
46105,45.711883,-102.322856
46107,45.076727000000005,-99.909039
46109,45.61302,-96.952207
46111,44.006288,-98.149484
46113,43.186406,-102.487474
46115,44.910381,-98.429642
46117,44.363198,-100.436337
46119,44.710627,-100.12173100000001
46121,43.248143,-100.783743
46123,43.349802000000004,-99.851545
46125,43.301965,-97.115892
46127,42.702762,-96.600368
46129,45.520019,-100.313424
46135,42.902431,-97.39490699999999
46137,44.939040999999996,-101.524925
47001,36.082029,-84.180288
47003,35.512409999999996,-86.464741
47005,36.071513,-88.09002
47007,35.612132,-85.195883
47009,35.752926,-83.973022
47011,35.166015,-84.859341
47013,36.383124,-84.125923
47015,35.80032,-86.06262
47017,36.018048,-88.464475
47019,36.318376,-82.201421
47021,36.269635,-87.063974
47023,35.436863,-88.622571
47025,36.491597999999996,-83.64175
47027,36.553965000000005,-85.560947
47029,35.947227000000005,-83.174767
47031,35.454014,-86.124954
47033,35.789488,-89.122632
47035,35.954565,-85.02010899999999
47037,36.140596,-86.74545
47039,35.610752000000005,-88.126566
47041,35.966234,-85.838617
47043,36.106096,-87.345598
47045,36.058797,-89.359385
47047,35.203083,-89.470445
47049,36.365518,-84.93663000000001
47051,35.206924,-86.11623900000001
47053,35.938053000000004,-88.876406
47055,35.191241,-87.031071
47057,36.269199,-83.483361
47059,36.177294,-82.83345600000001
47061,35.341946,-85.720235
47063,36.215973,-83.296406
47065,35.093485,-85.205177
47067,36.517795,-83.23135
47069,35.22229,-89.017224
47071,35.199678000000006,-88.226837
47073,36.462944,-82.873902
47075,35.586187,-89.267291
47077,35.648436,-88.402036
47079,36.319164,-88.293739
47081,35.852522,-87.403679
47083,36.304687,-87.70333000000001
47085,36.072233000000004,-87.774505
47087,36.329916,-85.628303
47089,36.067034,-83.45352199999999
47091,36.450734999999995,-81.843103
47093,35.973839,-83.985913
47095,36.357362,-89.468133
47097,35.762745,-89.54174
47099,35.2351,-87.355853
47101,35.533806,-87.52374499999999
47103,35.107495,-86.574658
47105,35.759679,-84.286322
47107,35.425632,-84.59855300000001
47109,35.177181,-88.542589
47111,36.535537,-86.02206600000001
47113,35.650005,-88.82258900000001
47115,35.109364,-85.604158
47117,35.488656,-86.772777
47119,35.623000000000005,-87.04566700000001
47121,35.503802,-84.81561500000001
47123,35.517148999999996,-84.35387800000001
47125,36.551703,-87.352951
47127,35.297553,-86.341444
47129,36.098632,-84.59038100000001
47131,36.396173,-89.080699
47133,36.348292,-85.32285300000001
47135,35.652569,-87.858652
47137,36.566056,-85.141613
47139,35.125651,-84.565986
47141,36.163405,-85.503295
47143,35.556242,-84.955218
47145,35.882073,-84.524136
47147,36.484933000000005,-86.832296
47149,35.892016,-86.44798
47151,36.453953000000006,-84.50655400000001
47153,35.354219,-85.392052
47155,35.861562,-83.58094399999999
47157,35.131228,-89.894188
47159,36.241092,-85.968484
47161,36.493717,-87.798679
47163,36.531452,-82.394917
47165,36.398559000000006,-86.53693100000001
47167,35.478427,-89.748046
47169,36.393982,-86.170445
47171,36.149453,-82.39617700000001
47173,36.243266999999996,-83.816526
47175,35.723509,-85.45447
47177,35.695537,-85.79264599999999
47179,36.324631,-82.434713
47181,35.257711,-87.789817
47183,36.292721,-88.773558
47185,35.939892,-85.487471
47187,35.920355,-86.85552
47189,36.201285999999996,-86.404093
48001,31.776142999999998,-95.687072
48003,32.321659999999994,-102.542123
48005,31.312604999999998,-94.714115
48007,28.030071999999997,-97.071875
48009,33.70449,-98.610345
48011,35.085722,-101.392092
48013,29.034632000000002,-98.576202
48015,29.853256,-96.221858
48017,34.216557,-102.745529
48019,29.703543,-99.03603100000001
48021,30.144282,-97.35891600000001
48023,33.596338,-99.26133
48025,28.396655,-97.736901
48027,31.084262,-97.59208199999999
48029,29.479255,-98.525238
48031,30.185496,-98.393265
48033,32.746089000000005,-101.426185
48035,31.86216,-97.576972
48037,33.436159,-94.203466
48039,29.329215,-95.38541500000001
48041,30.628865,-96.33059
48043,30.217438,-103.617388
48045,34.440834,-101.232801
48047,27.204776000000003,-98.144221
48049,31.731621999999998,-98.989458
48051,30.479774,-96.64631800000001
48053,30.671778000000003,-98.24483599999999
48055,29.852388,-97.68662900000001
48057,28.586063,-96.625056
48059,32.346951000000004,-99.448422
48061,26.045735999999998,-97.556998
48063,32.990653,-94.98408
48065,35.384076,-101.32928100000001
48067,33.079821,-94.299328
48069,34.521244,-102.26892
48071,29.801262,-94.74172800000001
48073,31.904971999999997,-95.21121600000001
48075,34.428815,-100.225433
48077,33.828051,-98.24500400000001
48079,33.687756,-102.737454
48081,31.904324,-100.405638
48083,31.808605,-99.423304
48085,33.099357,-96.693057
48087,34.863545,-100.216872
48089,29.661294,-96.536638
48091,29.764495,-98.221819
48093,31.969671999999996,-98.557373
48095,31.280122,-99.859636
48097,33.610424,-97.137065
48099,31.239826,-97.828854
48101,34.019044,-100.300376
48103,31.400897999999998,-102.352002
48105,30.707106,-101.220153
48107,33.664489,-101.361212
48109,31.071834000000003,-104.821069
48111,36.110008,-102.577929
48113,32.808956,-96.788197
48115,32.73465,-101.94931600000001
48117,34.835104,-102.40204200000001
48119,33.37458,-95.704605
48121,33.109148,-97.019684
48123,29.101571000000003,-97.313585
48125,33.534982,-100.85257800000001
48127,28.519099,-99.81757900000001
48129,34.94207,-100.85405
48131,27.729917999999998,-98.389589
48133,32.356034,-98.840622
48135,31.864940999999998,-102.3858
48137,29.977801,-100.19957
48139,32.423916,-96.81588599999999
48141,31.782045,-106.37593600000001
48143,32.206569,-98.228806
48145,31.260968,-96.950734
48147,33.561545,-96.175947
48149,29.8524,-96.897998
48151,32.773990000000005,-100.413883
48153,34.042836,-101.376103
48155,33.991937,-99.701195
48157,29.613217,-95.663045
48159,33.126081,-95.223453
48161,31.696374,-96.209634
48163,28.845786999999998,-99.107465
48165,32.760539,-102.65843100000001
48167,29.424115000000004,-95.01349599999999
48169,33.198856,-101.385674
48171,30.272524,-98.905778
48173,31.851318,-101.514268
48175,28.704105,-97.370374
48177,29.476703000000004,-97.50357
48179,35.527957,-100.93840300000001
48181,33.649485,-96.624643
48183,32.49808,-94.79133
48185,30.447103000000002,-96.009259
48187,29.598985,-98.097778
48189,34.145755,-101.739801
48191,34.658133,-100.604341
48193,31.761315000000003,-98.099032
48195,36.213931,-101.273482
48197,34.283002,-99.694647
48199,30.303364000000002,-94.262169
48201,29.807478999999997,-95.417454
48203,32.534967,-94.41297800000001
48205,35.984331,-102.488764
48207,33.178592,-99.767465
48209,30.00246,-97.935889
48211,35.893959,-100.364036
48213,32.237902000000005,-95.889717
48215,26.232452000000002,-98.184054
48217,31.998096000000004,-97.17406700000001
48219,33.586415,-102.33483000000001
48221,32.432951,-97.765687
48223,33.124117,-95.58693199999999
48225,31.298934999999997,-95.46481999999999
48227,32.242065999999994,-101.464986
48229,31.420986,-105.641319
48231,33.085784999999994,-96.09501800000001
48233,35.6807,-101.448842
48235,31.266676,-100.844201
48237,33.198496999999996,-98.168776
48239,28.961331,-96.594951
48241,30.736464,-93.994075
48243,30.603582,-103.990284
48245,30.01233,-94.067554
48247,27.304609000000003,-98.68361999999999
48249,27.751903999999996,-98.06460200000001
48251,32.435783,-97.325793
48253,32.711236,-99.80891700000001
48255,28.856195,-97.864151
48257,32.656168,-96.338534
48259,29.841299,-98.725533
48261,27.065647,-97.773573
48263,33.247856,-100.629728
48265,30.039931,-99.15977099999999
48267,30.490095,-99.732497
48269,33.653281,-100.314415
48271,29.304886,-100.418801
48273,27.492495,-97.857766
48275,33.464244,-99.705702
48277,33.674176,-95.53564
48279,34.028478,-102.324158
48281,31.095879999999998,-98.116277
48283,28.336046000000003,-99.24983399999999
48285,29.409258,-97.04796400000001
48287,30.270012,-96.967301
48289,31.29928,-96.046864
48291,30.155392,-94.901747
48293,31.592033,-96.520288
48295,36.387589,-100.354171
48297,28.341838,-98.105736
48299,30.684898999999998,-98.51160899999999
48301,31.745821000000003,-103.602226
48303,33.556622,-101.887742
48305,33.181411,-101.807743
48307,31.150738,-99.337039
48309,31.541318,-97.171313
48311,28.449157,-98.51005
48313,30.955599,-95.89708900000001
48315,32.78969,-94.423837
48317,32.184222999999996,-101.825151
48319,30.753290000000003,-99.216248
48321,28.915315999999997,-96.002899
48323,28.70947,-100.481002
48325,29.305418,-98.96830899999999
48327,30.899441999999997,-99.772013
48329,32.002748,-102.106662
48331,30.747373,-97.01043
48333,31.486442999999998,-98.57811600000001
48335,32.392977,-100.863291
48337,33.63828,-97.75625500000001
48339,30.232067999999998,-95.468727
48341,35.904748,-101.956199
48343,33.071717,-94.72461
48345,34.012828000000006,-100.844887
48347,31.623265999999997,-94.642764
48349,32.079812,-96.488644
48351,30.687746,-93.751989
48353,32.449321999999995,-100.411684
48355,27.733674,-97.430035
48357,36.381028,-100.810965
48359,35.324274,-102.390158
48361,30.124169000000002,-93.870235
48363,32.778005,-98.16759300000001
48365,32.167392,-94.33116600000001
48367,32.794168,-97.736777
48369,34.538847,-102.815812
48371,30.898458,-102.790862
48373,30.743716999999997,-94.940487
48375,35.221681,-101.83664399999999
48377,29.807527,-104.260977
48379,32.886055,-95.797078
48381,35.121463,-101.888863
48383,31.215015,-101.465521
48385,29.719686,-99.841559
48387,33.592399,-95.07117
48389,31.382677,-103.53287399999999
48391,28.290390000000002,-97.244247
48393,35.720593,-100.705316
48395,30.970148,-96.547126
48397,32.915625,-96.43549300000001
48399,31.801037,-99.99427299999999
48401,32.193758,-94.797713
48403,31.338565999999997,-93.850011
48405,31.443535999999998,-94.150624
48407,30.547998,-95.131415
48409,27.947284999999997,-97.399384
48411,31.190792,-98.763369
48413,30.875183000000003,-100.581777
48415,32.705897,-100.905311
48417,32.688185,-99.308669
48419,31.823558000000002,-94.180373
48421,36.336364,-101.996669
48423,32.326710999999996,-95.297792
48425,32.23787,-97.75280500000001
48427,26.388176,-98.84119
48429,32.754222,-98.90424300000001
48431,31.839559,-100.99342299999999
48433,33.145963,-100.236102
48435,30.562364000000002,-100.630735
48437,34.531837,-101.771547
48439,32.762190000000004,-97.244748
48441,32.423132,-99.768456
48443,30.159691,-102.356398
48445,33.183904999999996,-102.271641
48447,33.139396999999995,-99.13441999999999
48449,33.175717999999996,-94.966822
48451,31.452271999999997,-100.460084
48453,30.31025,-97.749981
48455,31.000010999999997,-95.245491
48457,30.741967,-94.365305
48459,32.697983,-94.92515300000001
48461,31.183695,-102.122277
48463,29.247671,-99.75475
48465,29.38073,-100.89806800000001
48467,32.57797,-95.83309399999999
48469,28.820583000000003,-96.990925
48471,30.729191999999998,-95.535016
48473,30.021425,-95.968855
48475,31.565078000000003,-102.921099
48477,30.182708,-96.396264
48479,27.520331,-99.47635
48481,29.276821999999996,-96.175663
48483,35.353697,-100.265178
48485,33.922335,-98.55169599999999
48487,34.147319,-99.296459
48489,26.452145,-97.779937
48491,30.554707,-97.71143000000001
48493,29.226084000000004,-98.142066
48495,31.841034000000004,-103.099982
48497,33.164603,-97.63725699999999
48499,32.772492,-95.396924
48501,33.025705,-102.829655
48503,33.166529,-98.625208
48505,26.902457000000002,-99.26586
48507,28.757996000000002,-99.80771700000001
49001,38.299707,-112.776347
49003,41.591026,-112.09976999999999
49005,41.744338,-111.84061200000001
49007,39.601628999999996,-110.777221
49009,40.967853999999996,-109.64608799999999
49011,41.01957,-111.95875600000001
49013,40.289409,-110.165397
49015,39.216051,-110.925129
49017,37.76185,-112.088923
49019,38.569103999999996,-109.530222
49021,37.709161,-113.073838
49023,39.750368,-111.894782
49025,37.114838,-112.425977
49027,39.214604,-112.494882
49029,41.073208,-111.718106
49031,38.288475,-112.20816200000002
49033,41.766890000000004,-111.27873799999999
49035,40.646321,-111.922762
49037,37.523884,-109.52103600000001
49039,39.380549,-111.60683200000001
49041,38.77474,-112.042048
49043,40.727812,-111.47076000000001
49045,40.56078,-112.379217
49047,40.42648,-109.59716399999999
49049,40.272349,-111.73158000000001
49051,40.505696,-111.41224799999999
49053,37.135163,-113.519705
49055,38.361636,-111.46724499999999
49057,41.224614,-111.990305
50001,44.062470000000005,-73.166759
50003,42.972541,-73.15352
50005,44.467875,-72.07512
50007,44.480855,-73.14944399999999
50009,44.666928999999996,-71.740577
50011,44.840447,-72.993263
50013,44.79441,-73.298303
50015,44.587559999999996,-72.653257
50017,43.996016999999995,-72.394216
50019,44.864953,-72.223292
50021,43.601633,-73.045536
50023,44.241925,-72.58391999999999
50025,42.956309999999995,-72.61616
50027,43.545556,-72.491252
51001,37.784132,-75.641008
51003,38.05016,-78.516763
51005,37.800534999999996,-79.929401
51007,37.341681,-77.977011
51009,37.519237,-79.10271800000001
51011,37.359958,-78.83395300000001
51013,38.8749,-77.10082
51015,38.128029999999995,-79.03214100000001
51017,38.017866,-79.764614
51019,37.314607,-79.497893
51021,37.150725,-81.089354
51023,37.448221999999994,-79.85141800000001
51025,36.756799,-77.86074
51027,37.264125,-82.058814
51029,37.582102,-78.48345400000001
51031,37.25795,-79.165807
51033,38.008601,-77.433166
51035,36.712893,-80.763589
51036,37.381884,-77.102373
51037,37.017568,-78.630844
51041,37.418224,-77.550555
51043,39.129687,-77.988093
51045,37.476038,-80.174522
51047,38.500155,-77.997848
51049,37.483249,-78.257306
51051,37.142003,-82.379283
51053,37.135094,-77.560538
51057,37.911272,-76.90549
51059,38.843734000000005,-77.258936
51061,38.696040999999994,-77.777194
51063,36.944158,-80.342686
51065,37.888175,-78.301879
51067,37.016003999999995,-79.861232
51069,39.168677,-78.193089
51071,37.317609000000004,-80.71689
51073,37.377825,-76.530947
51075,37.703091,-77.85186
51077,36.648239000000004,-81.1193
51079,38.254353,-78.42218199999999
51081,36.721194,-77.537371
51083,36.750029999999995,-78.92710699999999
51085,37.687345,-77.420161
51087,37.602759999999996,-77.495683
51089,36.690407,-79.903132
51091,38.386074,-79.56879599999999
51093,36.921892,-76.655375
51095,37.294786,-76.757657
51097,37.699158000000004,-76.89237
51099,38.291253999999995,-77.162858
51101,37.702616,-77.05673
51103,37.70389,-76.437123
51105,36.715746,-83.103165
51107,39.047874,-77.510676
51109,37.979376,-77.965373
51111,36.970055,-78.21653
51113,38.378917,-78.23516
51115,37.444144,-76.342952
51117,36.691889,-78.320815
51119,37.601651000000004,-76.504547
51121,37.189631,-80.412336
51125,37.810028,-78.871691
51127,37.497253,-77.037031
51131,37.389508,-75.917594
51133,37.890865000000005,-76.414247
51135,37.144866,-78.07520699999999
51137,38.267152,-77.966785
51139,38.604440999999994,-78.500392
51141,36.655724,-80.282113
51143,36.772086,-79.409643
51145,37.546341999999996,-77.872664
51147,37.259322999999995,-78.423416
51149,37.215406,-77.293227
51153,38.691635999999995,-77.409683
51155,37.081528999999996,-80.705779
51157,38.692393,-78.124495
51159,37.94866,-76.715071
51161,37.271414,-79.989575
51163,37.786365,-79.42805899999999
51165,38.454851,-78.837195
51167,36.935284,-82.090612
51169,36.684532,-82.594258
51171,38.86825,-78.529664
51173,36.829257,-81.57423100000001
51175,36.714729999999996,-77.070645
51177,38.238928,-77.57123399999999
51179,38.416536,-77.447823
51181,37.118648,-76.86719599999999
51183,36.972121,-77.210307
51185,37.147549,-81.566563
51187,38.925067999999996,-78.179261
51191,36.703579,-81.972246
51193,38.155269,-76.844011
51195,36.952921999999994,-82.609349
51197,36.919123,-81.066298
51199,37.172278999999996,-76.49193000000001
51510,38.820052000000004,-77.09255999999999
51515,37.337281,-79.520701
51520,36.610479,-82.169512
51530,37.734133,-79.35249300000001
51540,38.033545000000004,-78.49059100000001
51550,36.757515000000005,-76.282263
51560,,
51570,37.264094,-77.401027
51580,37.781277,-79.98934
51590,36.591119,-79.409867
51595,36.691841,-77.541306
51600,38.852046,-77.30259699999999
51610,38.883689000000004,-77.173924
51620,36.678687,-76.936518
51630,38.298644,-77.4809
51640,36.665997999999995,-80.918362
51650,37.042681,-76.36696500000001
51660,38.440627,-78.868871
51670,37.289087,-77.304582
51678,37.784093,-79.442982
51680,37.394382,-79.188942
51683,38.753009000000006,-77.474795
51685,38.772139,-77.448892
51690,36.683587,-79.86482
51700,37.089636999999996,-76.495942
51710,36.891356,-76.262277
51720,36.938169,-82.624348
51730,37.210514,-77.39684799999999
51735,37.131625,-76.381322
51740,36.833227,-76.35389
51750,37.128676,-80.55883100000001
51760,37.535790000000006,-77.466976
51770,37.278728,-79.960131
51775,37.286115,-80.05573000000001
51790,38.157796000000005,-79.077956
51800,36.776711,-76.556872
51810,36.821554,-76.09944499999999
51820,38.072013,-78.896755
51830,37.275866,-76.713075
51840,39.175174,-78.170343
53001,46.865676,-119.02242
53003,46.388456,-117.067274
53005,46.229003999999996,-119.276099
53007,47.530217,-120.344707
53009,48.094258,-123.451968
53011,45.679487,-122.561881
53013,46.325941,-117.97574099999999
53015,46.137731,-122.89995800000001
53017,47.511897,-120.172826
53019,48.622195,-118.53178799999999
53021,46.304218,-119.11931000000001
53023,46.476155,-117.576254
53025,47.141696,-119.469973
53027,46.991374,-123.76763000000001
53029,48.206288,-122.57658799999999
53031,48.008216,-122.825295
53033,47.548320000000004,-122.229983
53035,47.613056,-122.632791
53037,47.047742,-120.623911
53039,45.797495,-121.132931
53041,46.617975,-122.832505
53043,47.633857,-118.32511799999999
53045,47.287955,-123.03693100000001
53047,48.446246,-119.57833600000001
53049,46.528108,-123.896075
53051,48.286333,-117.22201100000001
53053,47.179454,-122.410936
53055,48.576187,-122.98016499999999
53057,48.466681,-122.33588200000001
53059,45.691396999999995,-121.925675
53061,47.929139,-122.189388
53063,47.681186,-117.37087
53065,48.279486,-117.81054499999999
53067,46.999072999999996,-122.840989
53069,46.236785,-123.428851
53071,46.077821,-118.39018200000001
53073,48.820552,-122.48531799999999
53075,46.797297,-117.221303
53077,46.515822,-120.41618999999999
54001,39.109653,-80.004972
54003,39.457075,-77.982455
54005,38.054142999999996,-81.752712
54007,38.691193,-80.728585
54009,40.308456,-80.58577
54011,38.413495000000005,-82.338233
54013,38.85054,-81.104298
54015,38.468911999999996,-81.103578
54017,39.287426,-80.72175
54019,38.033101,-81.13355
54021,38.924402,-80.827613
54023,39.061384000000004,-79.162438
54025,37.855598,-80.493567
54027,39.327538,-78.611263
54029,40.479465000000005,-80.569498
54031,39.037706,-78.881937
54033,39.287945,-80.343216
54035,38.840404,-81.712041
54037,39.315195,-77.847656
54039,38.361943,-81.652953
54041,39.03246,-80.471273
54043,38.199034999999995,-82.066952
54045,37.856637,-81.971518
54047,37.389931,-81.658541
54049,39.486129,-80.181612
54051,39.926441,-80.7045
54053,38.826465,-82.059748
54055,37.352463,-81.14080600000001
54057,39.465107,-78.90994599999999
54059,37.705418,-82.15745799999999
54061,39.636196000000005,-79.95980899999999
54063,37.528463,-80.636561
54065,39.581071,-78.223556
54067,38.275855,-80.775451
54069,40.078993,-80.67233900000001
54071,38.672518,-79.337502
54073,39.383419,-81.19208
54075,38.286867,-80.02412199999999
54077,39.495471,-79.676099
54079,38.475729,-81.926568
54081,37.770284000000004,-81.20299399999999
54083,38.869406,-79.872569
54085,39.213934,-81.044436
54087,38.729490999999996,-81.346321
54089,37.666908,-80.847554
54091,39.337291,-80.064419
54093,39.11173,-79.607202
54095,39.508846000000005,-80.925137
54097,38.953837,-80.228779
54099,38.261889000000004,-82.491282
54101,38.469808,-80.479615
54103,39.62681,-80.75863299999999
54105,39.052702000000004,-81.39213199999999
54107,39.266169,-81.530388
54109,37.628554,-81.564644
55001,43.944401,-89.782239
55003,46.470378000000004,-90.783551
55005,45.436158,-91.815595
55007,46.588678,-91.102103
55009,44.497198,-88.03184300000001
55011,44.379071,-91.743927
55013,45.833418,-92.413067
55015,44.149211,-88.258764
55017,44.986588,-91.32738
55019,44.784643,-90.547599
55021,43.461490000000005,-89.367399
55023,43.159807,-91.011263
55025,43.074343,-89.393883
55027,43.434231,-88.712346
55029,44.904102,-87.345365
55031,46.633029,-92.017477
55033,44.914467,-91.895108
55035,44.790413,-91.454948
55037,45.852429,-88.237785
55039,43.76493,-88.486885
55041,45.561305,-88.806904
55043,42.82529,-90.616057
55045,42.670633,-89.576089
55047,43.844076,-89.01308900000001
55049,42.982704,-90.126735
55051,46.353147,-90.196635
55053,44.320474,-90.901558
55055,43.040167,-88.784757
55057,43.842134,-90.10035400000001
55059,42.572633,-87.922956
55061,44.527541,-87.58979000000001
55063,43.858367,-91.208437
55065,42.661836,-90.139042
55067,45.18444,-89.10577099999999
55069,45.285493,-89.68666400000001
55071,44.104426000000004,-87.723854
55073,44.908503,-89.71094599999999
55075,45.221014000000004,-87.846106
55077,43.813741,-89.41107
55078,44.913795,-88.641293
55079,43.032865,-87.959548
55081,43.942291,-90.640636
55083,44.8979,-88.147837
55085,45.708051,-89.490882
55087,44.309508,-88.400738
55089,43.32038,-87.94989100000001
55091,44.590724,-91.989241
55093,44.771766,-92.544547
55095,45.406302000000004,-92.478528
55097,44.498175,-89.526902
55099,45.724747,-90.398474
55101,42.734943,-87.926109
55103,43.350327,-90.39055
55105,42.651893,-89.03741
55107,45.448067,-91.12719399999999
55109,45.018035999999995,-92.57959699999999
55111,43.446515000000005,-89.869597
55113,45.936442,-91.346565
55115,44.787648,-88.68623000000001
55117,43.733216999999996,-87.820251
55119,45.173257,-90.412651
55121,44.292059,-91.360514
55123,43.605782,-90.83675500000001
55125,45.984593,-89.49941700000001
55127,42.664074,-88.54066800000001
55129,45.847241,-91.834412
55131,43.347344,-88.21516700000001
55133,43.034419,-88.236902
55135,44.432371,-88.937106
55137,44.10115,-89.22596
55139,44.100643,-88.540068
55141,44.478782,-89.963901
56001,41.314993,-105.598281
56003,44.629497,-108.244578
56005,44.254397,-105.49489399999999
56007,41.670117,-107.083924
56009,42.794109999999996,-105.52758899999999
56011,44.432534999999994,-104.625297
56013,43.013591,-108.60891299999999
56015,42.046971,-104.220514
56017,43.661834999999996,-108.23040800000001
56019,44.290845000000004,-106.69351699999999
56021,41.153225,-104.773209
56023,42.580436999999996,-110.841375
56025,42.844218,-106.336877
56027,42.809987,-104.465879
56029,44.615173999999996,-108.97346
56031,42.102309999999996,-104.928453
56033,44.781090999999996,-106.97433799999999
56035,42.780901,-109.961153
56037,41.580265999999995,-109.295115
56039,43.494174,-110.784353
56041,41.27186,-110.767519
56043,44.012142,-107.911552
56045,43.910214,-104.312414
